## Generic Event attributes (range 1-999),,,,General,Network,System,Appl,PH,displayFormat,Count(DISTINCT),GroupBy,Aggr,OrderBy,Deprecated,Availability,SysPerf,NetPerf,AppPerf,Change,Security,Simple,rbac,Description
1,Event Type,eventType,string,1,0,0,0,0,,1,1,0,0,0,1,1,1,1,1,1,,1,
2,Event Severity,eventSeverity,uint16,1,0,0,0,0,,1,1,0,0,0,1,1,1,1,1,1,,,
3,IPS Event Risk Rating,ipsEvRR,uint16,1,0,0,0,0,,0,1,0,0,0,,,,,,1,,,
4,IPS Event Threat Rating,ipsEvTR,uint16,1,0,0,0,0,,0,1,0,0,0,,,,,,1,,,
5,Event Action,eventAction,uint16,1,0,0,0,0,Code,1,1,0,0,0,,,,,,1,,,
6,Device Time,deviceTime,Date,1,0,0,0,0,,0,0,0,0,0,,,,,,1,,,
7,Event Receive Time,phRecvTime,Date,1,0,0,0,0,,0,0,0,0,0,,,,,,1,,,
8,Relaying IP,relayDevIpAddr,IP,1,0,0,0,0,,1,1,0,0,0,,,,,,1,,1,
9,Reporting IP,reptDevIpAddr,IP,1,0,0,0,0,,1,1,0,0,0,,,,,,1,,1,
10,Relaying Device Name,relayDevName,string,1,0,0,0,0,,1,1,0,0,0,,,,,,1,,1,
11,Reporting Device Name,reptDevName,string,1,0,0,0,0,,1,1,0,0,0,,,,,,1,,1,
12,Customer ID,phCustId,uint32,1,0,0,0,0,,1,1,0,0,0,,,,,1,1,,,
13,Raw Event Log,rawEventMsg,string,1,0,0,0,0,,0,0,0,0,0,,,,,1,1,,,
14,Binary Raw Event Log,binRawEventMsg,binary,1,0,0,0,0,,0,0,0,0,0,,,,,,1,,,
15,Event ID,eventId,uint64,1,0,0,0,0,,0,1,0,0,0,,,,,1,1,,,
16,AccelOps Event Cat,phEventCategory,uint16,1,0,0,0,0,Code,0,1,0,0,0,,,,,,1,,,
17,Count,count,uint32,1,0,0,0,0,,0,1,0,0,0,,,,,,,,,
18,Agent ID,phAgentId,string,1,0,0,0,0,,1,1,0,0,0,,,,,1,1,,,
19,Event Occur Time,eventTime,Date,1,0,0,0,0,,0,0,0,0,0,,,,,,,,,
20,Event Name,eventName,string,1,0,0,0,0,,1,1,0,0,0,,,,,,,,,
21,Event Parse Status,eventParsedOk,uchar,1,0,0,0,0,Code,1,1,0,0,0,,,,,,1,,,
22,Matched Events,*,string,1,0,0,0,0,,0,0,0,0,0,1,1,1,1,1,1,,,
23,Event Rate (/sec),eventsPerSec,double,1,0,0,0,0,PerSec,0,0,1,1,0,,,,,,,,,
24,Event Severity Category,eventSeverityCat,String,1,0,0,0,0,,0,0,0,0,0,1,1,1,1,1,1,,,
25,Incident Source,incidentSrc,String,1,0,0,0,0,,0,0,0,0,0,,,,,,1,,1,
26,Incident Target,incidentTarget,String,1,0,0,0,0,,0,0,0,0,0,1,1,1,1,1,1,,1,
27,Biz Service Name,bizService,String,1,0,0,0,0,,0,0,0,0,0,1,1,1,1,1,1,,1,
28,Incident Trigger Attribute List,triggeringAttrList,string,1,0,0,0,0,,0,0,0,0,0,,,,,,1,,,
29,Event Description,eventDesc,string,1,0,0,0,0,,0,0,0,0,0,,,,,,1,,,
30,Remedy Action,remedyAction,string,1,0,0,0,0,,0,0,0,0,0,,,,,,1,,,
31,Informational URL,infoURL,string,1,0,0,0,0,,0,0,0,0,0,,,,,,1,,,
32,Event Receive Hour,phRecvHour,Date,1,0,0,0,0,,0,0,0,0,0,,,,,,1,,,
33,Event Receive Date,phRecvDate,Date,1,0,0,0,0,,0,0,0,0,0,,,,,,1,,,
34,Event Receive Week,phRecvWeek,Date,1,0,0,0,0,,0,0,0,0,0,,,,,,1,,,
35,Event Receive Month,phRecvMonth,Date,1,0,0,0,0,,0,0,0,0,0,,,,,,1,,,
## 36-40 are reserved, DO NOT use,,,,,,,,,,,,,,,,,,,,,,
41,Incident Detail,incidentDetail,String,1,0,0,0,0,,0,0,0,0,0,,,,,,1,,,
42,Incident Reporting IP,incidentRptIp,String,1,0,0,0,0,,0,0,0,0,0,,,,,,1,,1,
43,Reporting Vendor,reptVendor,string,0,0,0,1,0,,1,1,0,0,0,,,,,,1,,,
44,Reporting Model,reptModel,string,0,0,0,1,0,,1,1,0,0,0,,,,,,1,,,
45,Host Vendor,hostVendor,string,0,0,0,1,0,,1,1,0,0,0,,,,,,1,,,
46,Host Model,hostModel,string,0,0,0,1,0,,1,1,0,0,0,,,,,,1,,,
47,Triggered Event Count,incidentCount,uint32,1,0,0,0,0,,0,1,0,0,0,,,,,,1,,,
## 48 deprecated,,,,,,,,,,,,,,,,,,,,,,,
48,Incident Ticket State,incidentTicketState,string,1,0,0,0,0,,0,0,0,0,1,,,,,,1,,,
49,Application Probe Action,appProbeAction,string,0,0,0,1,0,,1,1,0,0,1,,,,,,1,,,
50,Application Response Time,appResponseTimeMSec,uint32,0,1,0,0,0,DurationMSec,0,0,1,1,0,,,1,,,1,,,
51,Application Probe Type,appProbeType,string,0,0,0,1,0,,1,1,0,0,1,,,,,,1,,,
52,False Positive Check,ipsFPCheckStatus,uint16,1,0,0,0,0,Code,0,1,0,0,0,,,,,,1,,,
53,Customer Name,customer,string,0,0,0,1,0,,1,1,0,0,0,,,,,,1,,,
54,Synthetic Transaction Monitor Name,endUserMonitorName,string,0,0,0,1,0,,1,1,0,0,0,,,,,,1,,,
55,Application Port,appPort,string,0,0,0,1,0,,1,1,0,0,0,,,,,,1,,,
56,Synthetic Transaction Monitor Step,endUserMonitorStep,string,0,0,0,1,0,,1,1,0,0,0,,,,,,1,,,
57,Event Type Group,eventTypeGrp,string,1,0,0,0,0,,1,1,0,0,0,1,1,1,1,1,1,,,
## incident related,,,,,,,,,,,,,,,,,,,,,,,
58,Incident ID,incidentId,uint64,1,0,0,0,0,,0,0,0,1,0,,,,,,,,,
59,Incident Status,incidentStatus,uint16,1,0,0,0,0,Code,0,1,0,1,0,,,,,,,,,
60,Incident First Occurrence Time,incidentFirstSeen,Date,1,0,0,0,0,,0,0,0,1,0,,,,,,,,,
61,Incident Last Occurrence Time,incidentLastSeen,Date,1,0,0,0,0,,0,0,0,1,0,,,,,,,,,
62,Incident View Status,incidentViewStatus,uint16,1,0,0,0,0,,0,1,0,1,0,,,,,,,,,
63,Incident View Users,incidentViewUsers,string,1,0,0,0,0,,0,0,0,0,0,,,,,,,,,
64,Incident Cleared Time,incidentClearedTime,Date,1,0,0,0,0,,0,0,0,1,0,,,,,,,,,
65,Incident Cleared User,incidentClearedUser,string,1,0,0,0,0,,0,1,0,1,0,,,,,,,,,
66,Incident Cleared Reason,incidentClearedReason,string,1,0,0,0,0,,0,0,0,0,0,,,,,,,,,
67,Incident Notification Recipients,incidentNotiRecipients,string,1,0,0,0,0,,0,0,0,0,0,,,,,,,,,
68,Incident Ticket ID,incidentTicketId,string,1,0,0,0,0,,1,1,0,1,0,,,,,,,,,
69,Incident Ticket Status,incidentTicketStatus,uint16,1,0,0,0,0,Code,0,1,0,1,0,,,,,,,,,
70,Incident Ticket User,incidentTicketUser,string,1,0,0,0,0,,0,1,0,1,0,,,,,,,,,
80,Incident Comments,incidentComments,string,1,0,0,0,0,,0,0,0,0,0,,,,,,,,,
81,Incident Resolution Time,incidentResoTime,uint32,0,1,0,0,0,DurationSec,0,0,1,1,0,,,1,,,1,,,
82,Incident Externally Assigned User,incidentExtUser,string,1,0,0,0,0,,0,1,0,1,0,,,,,,,,,
83,Incident Externally Cleared Time,incidentExtClearedTime,Date,1,0,0,0,0,,0,0,0,1,0,,,,,,,,,
84,Incident Externally Resolution Time,incidentExtResoTime,uint32,0,1,0,0,0,DurationSec,0,0,1,1,0,,,1,,,1,,,
85,Incident External Ticket ID,incidentExtTicketId,string,1,0,0,0,0,,1,1,0,1,0,,,,,,,,,
86,Incident External Ticket State,incidentExtTicketState,string,1,0,0,0,0,,1,1,0,1,0,,,,,,,,,
87,Incident External Ticket Type,incidentExtTicketType,string,1,0,0,0,0,,1,1,0,1,0,,,,,,,,,
88,Incident Notification Status,incidentNotiStatus,string,1,0,0,0,0,,1,1,0,1,0,,,,,,,,,
##,,,,,,,,,,,,,,,,,,,,,,,
90,Peak Event Rate (/sec),peakEventsPerSec,double,1,0,0,0,0,PerSec,0,0,1,1,0,,,,,,,,,
91,Collector Name,phCollectorName,string,1,0,0,0,0,,1,1,0,0,0,,,,,,,,,
92,Component Event Type,compEventType,string,1,0,0,0,0,,1,1,0,0,0,1,1,1,1,1,1,,1,
93,Component Event Name,compEventName,string,1,0,0,0,0,,1,1,0,0,0,,,,,,,,,
94,Incident Category,phIncidentCategory,string,1,0,0,0,0,,0,1,0,0,0,,,,,,1,,,
95,Event Source,eventSource,string,1,0,0,0,0,,0,1,0,0,0,,,,,,1,,,
96,Device Event Type Group,devEventTypeGrp,string,1,0,0,0,0,,1,1,0,0,0,1,1,1,1,1,1,,,
## Network attributes (range 1000-1999),,,,,,,,,,,,,,,,,,,,,,,
1000,Source IP ,srcIpAddr,IP,0,1,0,0,0,,1,1,0,0,0,,,1,,,1,,1,
1001,Dest IP,destIpAddr,IP,0,1,0,0,0,,1,1,0,0,0,,,1,,,1,,1,
1002,Dest Host Name,destName,string,0,1,0,0,0,,1,1,0,0,0,,,,,,1,,1,
1003,Post-NAT Source IP,postNATSrcIpAddr,IP,0,1,0,0,0,,1,1,0,0,0,,,,,,1,,,
1004,Pre-NAT Dest IP,preNATDestIpAddr,IP,0,1,0,0,0,,1,1,0,0,0,,,,,,1,,,
1005,Host IP,hostIpAddr,IP,0,1,0,0,0,,1,1,0,0,0,,1,,,,1,,1,
1006,Host Name,hostName,string,0,1,0,0,0,,1,1,0,,0,,1,,,,1,,1,
1007,Source MAC,srcMACAddr,string,0,1,0,0,0,,1,1,0,0,0,,,,,,1,,,
1008,Dest MAC,destMACAddr,string,0,1,0,0,0,,1,1,0,0,0,,,,,,1,,,
1009,Host MAC,hostMACAddr,string,0,1,0,0,0,,1,1,0,0,0,,,,,,1,,,
1010,IP Protocol,ipProto,uint16,0,1,0,0,0,Code,1,1,0,0,0,,,1,,,1,,,
1011,Source TCP/UDP Port,srcIpPort,uint16,0,1,0,0,0,,1,1,0,0,0,,,1,,,1,,,
1012,Dest TCP/UDP Port,destIpPort,uint16,0,1,0,0,0,,1,1,0,0,0,,,1,,,1,,,
1013,Post-NAT Source Port,postNATSrcIpPort,uint16,0,1,0,0,0,,1,1,0,0,0,,,,,,1,,,
1014,Pre-NAT Dest Port,preNATDestIpPort,uint16,0,1,0,0,0,,1,1,0,0,0,,,,,,1,,,
1015,ICMP Type,icmpType,uint16,0,1,0,0,0,Code,1,1,0,0,0,,,1,,,1,,,
1016,ICMP Code,icmpCode,uint16,0,1,0,0,0,Code,1,1,0,0,0,,,1,,,1,,,
1017,TCP flags,tcpFlags,uchar,0,1,0,0,0,Code,1,1,0,0,0,,,1,,,1,,,
1018,Source Autonomous System Number,srcASNum,uint16,0,1,0,0,0,,1,1,0,0,0,,,1,,,1,,,
1019,Dest Autonomous System Number,destASNum,uint16,0,1,0,0,0,,1,1,0,0,0,,,1,,,1,,,
1020,Source VLAN,srcVLAN,uint16,0,1,0,0,0,,1,1,0,0,0,,,1,,,1,,,
1021,Dest VLAN,destVLAN,uint16,0,1,0,0,0,,1,1,0,0,0,,,1,,,1,,,
1022,Source Intf Name,srcIntfName,string,0,1,0,0,0,,1,1,0,0,0,,,1,,,1,,1,
1023,Dest Intf Name,destIntfName,string,0,1,0,0,0,,1,1,0,0,0,,,1,,,1,,1,
1024,Host Intf Name,intfName,string,0,1,0,0,0,,1,1,0,0,0,,1,,,,1,,1,
1025,Source Device Port,srcDevPort,string,0,1,0,0,0,,1,1,0,0,0,1,,,,,1,,,
1026,Dest Device Port,destDevPort,string,0,1,0,0,0,,1,1,0,0,0,1,,,,,1,,,
1027,Network Access Device IP,nepDevIpAddr,IP,0,1,0,0,0,,1,1,0,0,0,,,,,,1,,,
1028,Network Access Device Port,nepDevPort,string,0,1,0,0,0,,1,1,0,0,0,,,,,,1,,,
1029,Source Intf SNMP Index,srcSnmpIntfIndex,uint16,0,1,0,0,0,,1,1,0,0,0,,,,,,1,,,
1030,Dest Intf SNMP Index,destSnmpIntfIndex,uint16,0,1,0,0,0,,1,1,0,0,0,,,,,,1,,,
1031,IP Type of Service,tos,uchar,0,1,0,0,0,,1,1,0,0,0,,,1,,,1,,,
1032,Sent Packets,sentPkts,uint32,0,1,0,0,0,,0,0,1,1,0,,,1,,,1,,,
1033,Received Packets,recvPkts,uint32,0,1,0,0,0,,0,0,1,1,0,,,1,,,1,,,
1034,Total Packets,totPkts,uint32,0,1,0,0,0,,0,0,1,1,0,,,1,,,1,,,
1035,Sent Bytes,sentBytes,uint32,0,1,0,0,0,Bytes,0,0,1,1,0,,,1,,,1,,,
1036,Received Bytes,recvBytes,uint32,0,1,0,0,0,Bytes,0,0,1,1,0,,,1,,,1,,,
1037,Total Bytes,totBytes,uint32,0,1,0,0,0,Bytes,0,0,1,1,0,,,1,,,1,,,
1038,Duration,durationMSec,uint32,0,1,0,0,0,DurationMSec,0,0,1,1,0,,,1,,,1,,,
1046,Connection Id,ipConnId,string,0,1,0,0,0,,0,0,0,0,0,,,1,,,1,,,
1047,Firewall Connection Count,fwConnCount,uint32,0,1,0,0,0,,0,0,1,1,0,,1,1,,,,,,
1048,Firewall Connection Pct,fwConnPct,double,0,1,0,0,0,,0,0,1,1,0,,1,1,,,,,,
1049,In Packet Error,inIntfPktErr,uint32,0,1,0,0,0,,0,0,1,1,0,,1,1,,,,,,
1050,Out Packet Error,outIntfPktErr,uint32,0,1,0,0,0,,0,0,1,1,0,,1,1,,,,,,
1051,In Packet Error Pct,inIntfPktErrPct,double,0,1,0,0,0,,0,0,1,1,0,,1,1,,,,1,,
1052,Out Packet Error Pct,outIntfPktErrPct,double,0,1,0,0,0,,0,0,1,1,0,,1,1,,,,1,,
1053,In Intf Util,inIntfUtil,double,0,1,0,0,0,,0,0,1,1,0,,1,1,,,,1,,
1054,Out Intf Util,outIntfUtil,double,0,1,0,0,0,,0,0,1,1,0,,1,1,,,,1,,
1055,Network Access Device Name,nepDevName,string,0,1,0,0,0,,1,1,0,0,0,,,,,,1,,,
1056,Host VLAN,hostVLAN,uint16,0,1,0,0,0,,1,1,0,0,0,,,,,,1,,,
1057,Device Port,devPort,string,0,1,0,0,0,,1,1,0,0,0,,,,,,1,,,
1058,Aruba WLAN Frame Type,arubaWLANFrameType,uint16,0,1,0,0,0,Code,0,1,0,1,0,,,,,,1,,,
1059,Aruba WLAN Blacklist Reason Code,arubaWLANBlacklistReasonCode,uint16,0,1,0,0,0,Code,0,1,0,1,0,,,,,,1,,,
1060,WLAN Channel Id,wlanChannelId,uint32,0,1,0,0,0,,1,1,0,0,0,,,,,,1,,,
1061,WLAN Radio Id,wlanRadioId,uint32,0,1,0,0,0,,1,1,0,0,0,,,,,,1,,,
#1062,WLAN SSID,wlanSSID,uint32,0,1,0,0,0,,1,1,0,0,0,,,,,,1,,,
1063,Host Location,hostLocation,string,0,1,0,0,0,,1,1,0,0,0,,,,,,,,,
1064,Target Host MAC,targetHostMACAddr,string,0,1,0,0,0,,1,1,0,0,0,,,,,,,,,
1065,Avg Round Trip Time,avgDurationMSec,uint32,0,1,0,0,0,DurationMSec,0,0,1,1,0,,,,,,,,,
1066,Max Round Trip Time,maxDurationMSec,uint32,0,1,0,0,0,DurationMSec,0,0,1,1,0,,,,,,,,,
1067,Min Round Trip Time,minDurationMSec,uint32,0,1,0,0,0,DurationMSec,0,0,1,1,0,,,,,,,,,
1068,Packet Loss Pct,pktLossPct,double,0,1,0,0,0,,0,0,1,1,0,1,1,,,,,1,,
1069,Sent TCP flags,srcDestTCPFlags,uchar,0,1,0,0,0,Code,1,1,0,0,0,,,,,,,,,
1070,Received TCP flags,destSrcTCPFlags,uchar,0,1,0,0,0,Code,1,1,0,0,0,,,,,,,,,
1071,Profile date type,profDateType,uchar,0,1,0,0,0,Code,0,0,0,1,0,,,,,,,,,
1072,Profile date,profDate,string,0,1,0,0,0,,0,0,0,1,0,,,,,,,,,
1073,Profile hour type,profHourType,uchar,0,1,0,0,0,Code,0,0,0,1,0,,,,,,,,,
1079,Min Sent Bytes,minSentBytes,uint64,0,1,0,0,0,Bytes,0,0,0,1,0,,,1,,,,,,
1080,Max Sent Bytes,maxSentBytes,uint64,0,1,0,0,0,Bytes,0,0,0,1,0,,,1,,,,,,
1081,Avg Sent Bytes,avgSentBytes,double,0,1,0,0,0,Bytes,0,0,0,1,0,,,1,,,,,,
1082,Std Dev Sent Bytes,sdevSentBytes,double,0,1,0,0,0,Bytes,0,0,0,1,0,,,1,,,,,,
1083,Min Sent Packets,minSentPkts,uint64,0,1,0,0,0,,0,0,0,1,0,,,1,,,,,,
1084,Max Sent Packets,maxSentPkts,uint64,0,1,0,0,0,,0,0,0,1,0,,,1,,,,,,
1085,Avg Sent Packets,avgSentPkts,double,0,1,0,0,0,,0,0,0,1,0,,,1,,,,,,
1086,Std Dev Sent Packets,sdevSentPkts,double,0,1,0,0,0,,0,0,0,1,0,,,1,,,,,,
1087,Min Received Bytes,minRecvBytes,uint64,0,1,0,0,0,Bytes,0,0,0,1,0,,,1,,,,,,
1088,Max Received Bytes,maxRecvBytes,uint64,0,1,0,0,0,Bytes,0,0,0,1,0,,,1,,,,,,
1089,Avg Received Bytes,avgRecvBytes,double,0,1,0,0,0,Bytes,0,0,0,1,0,,,1,,,,,,
1090,Std Dev Received Bytes,sdevRecvBytes,double,0,1,0,0,0,Bytes,0,0,0,1,0,,,1,,,,,,
1091,Min Received Packets,minRecvPkts,uint64,0,1,0,0,0,,0,0,0,1,0,,,1,,,,,,
1092,Max Received Packets,maxRecvPkts,uint64,0,1,0,0,0,,0,0,0,1,0,,,1,,,,,,
1093,Avg Received Packets,avgRecvPkts,double,0,1,0,0,0,,0,0,0,1,0,,,1,,,,,,
1094,Std Dev Received Packets,sdevRecvPkts,double,0,1,0,0,0,,0,0,0,1,0,,,1,,,,,,
1095,Internal Traffic Profile Date Representation,profDateNum,uint16,0,1,0,0,0,,0,0,0,1,0,,,,,,,,,
1096,Auth Server IP,authServerIpAddr,IP,0,1,0,0,0,,1,1,0,0,0,,,,,,,,,
1097,Auth Server Name,authServerName,string,0,1,0,0,0,,1,1,0,0,0,,,,,,,,,
#1098,Sent Flows,sentFlows,uint32,0,1,0,0,0,,0,0,1,1,0,,,1,,,,,,
#1099,Received Flows,recvFlows,uint32,0,1,0,0,0,,0,0,1,1,0,,,1,,,,,,
1100,Total Flows,totFlows,uint32,0,1,0,0,0,,0,0,1,1,0,,,1,,,,,,
#1101,Min Sent Flows,minSentFlows,uint64,0,1,0,0,0,,0,0,0,1,0,,,1,,,,,,
#1102,Min Received Flows,minRecvFlows,uint64,0,1,0,0,0,,0,0,0,1,0,,,1,,,,,,
1103,Min Total Flows,minTotFlows,uint64,0,1,0,0,0,,0,0,0,1,0,,,1,,,,,,
#1104,Max Sent Flows,maxSentFlows,uint64,0,1,0,0,0,,0,0,0,1,0,,,1,,,,,,
#1105,Max Received Flows,maxRecvFlows,uint64,0,1,0,0,0,,0,0,0,1,0,,,1,,,,,,
1106,Max Total Flows,maxTotFlows,uint64,0,1,0,0,0,,0,0,0,1,0,,,1,,,,,,
#1107,Avg Sent Flows,avgSentFlows,double,0,1,0,0,0,,0,0,0,1,0,,,1,,,,,,
#1108,Avg Received Flows,avgRecvFlows,double,0,1,0,0,0,,0,0,0,1,0,,,1,,,,,,
1109,Avg Total Flows,avgTotFlows,double,0,1,0,0,0,,0,0,0,1,0,,,1,,,,,,
#1110,Std Dev Sent Flows,sdevSentFlows,double,0,1,0,0,0,,0,0,0,1,0,,,1,,,,,,
#1111,Std Dev Received Flows,sdevRecvFlows,double,0,1,0,0,0,,0,0,0,1,0,,,1,,,,,,
1112,Std Dev Total Flows,sdevTotFlows,double,0,1,0,0,0,,0,0,0,1,0,,,1,,,,,,
1113,Min Total Packets,minTotPkts,uint64,0,1,0,0,0,,0,0,0,1,0,,,1,,,,,,
1114,Max Total Packets,maxTotPkts,uint64,0,1,0,0,0,,0,0,0,1,0,,,1,,,,,,
1115,Avg Total Packets,avgTotPkts,double,0,1,0,0,0,,0,0,0,1,0,,,1,,,,,,
1116,Std Dev Total Packets,sdevTotPkts,double,0,1,0,0,0,,0,0,0,1,0,,,1,,,,,,
1117,Min Total Bytes,minTotBytes,uint64,0,1,0,0,0,Bytes,0,0,0,1,0,,,1,,,,,,
1118,Max Total Bytes,maxTotBytes,uint64,0,1,0,0,0,Bytes,0,0,0,1,0,,,1,,,,,,
1119,Avg Total Bytes,avgTotBytes,double,0,1,0,0,0,Bytes,0,0,0,1,0,,,1,,,,,,
1120,Std Dev Total Bytes,sdevTotBytes,double,0,1,0,0,0,Bytes,0,0,0,1,0,,,1,,,,,,
1121,Source Host Name,srcName,string,0,1,0,0,0,,1,1,0,0,0,,,,,,,,,
1122,In Packet Discards,inIntfPktDiscarded,uint32,0,1,0,0,0,,0,0,1,1,0,,1,1,,,,,,
1123,Out Packet Discards,outIntfPktDiscarded,uint32,0,1,0,0,0,,0,0,1,1,0,,1,1,,,,,,
1124,In Packet Discard Pct,inIntfPktDiscardedPct,double,0,1,0,0,0,,0,0,1,1,0,,1,1,,,,,,
1125,Out Packet Discard Pct,outIntfPktDiscardedPct,double,0,1,0,0,0,,0,0,1,1,0,,1,1,,,,,,
1126,Source Firewall Zone,srcFwZone,string,0,1,0,0,0,,1,1,0,0,0,,,1,,,1,,,
1127,Dest Firewall Zone,destFwZone,string,0,1,0,0,0,,1,1,0,0,0,,,1,,,1,,,
1128,Network Access Device MAC,nepMACAddr,string,0,1,0,0,0,,1,1,0,0,0,,,,,,1,,,
1129,Wireless Attack Signature Name,wirelessSigName,string,0,1,0,0,0,,1,1,0,0,0,,,,,,1,,,
1130,IP Port,ipPort,uint16,0,1,0,0,0,,1,1,0,0,0,,,,,,1,,,
1131,Min Jitter,minJitterMs,uint32,0,1,0,0,0,DurationMSec,0,0,1,1,0,,,,,,,,,
1132,Max Jitter,maxJitterMs,uint32,0,1,0,0,0,DurationMSec,0,0,1,1,0,,,,,,,,,
1133,Avg Jitter,avgJitterMs,uint32,0,1,0,0,0,DurationMSec,0,0,1,1,0,,,,,,,,,
1134,Min SD Jitter,minJitterSDMs,uint32,0,1,0,0,0,DurationMSec,0,0,1,1,0,,,,,,,,,
1135,Max SD Jitter,maxJitterSDMs,uint32,0,1,0,0,0,DurationMSec,0,0,1,1,0,,,,,,,,,
1136,Avg SD Jitter,avgJitterSDMs,uint32,0,1,0,0,0,DurationMSec,0,0,1,1,0,,,,,,,,,
1137,Min DS Jitter,minJitterDSMs,uint32,0,1,0,0,0,DurationMSec,0,0,1,1,0,,,,,,,,,
1138,Max DS Jitter,maxJitterDSMs,uint32,0,1,0,0,0,DurationMSec,0,0,1,1,0,,,,,,,,,
1139,Avg DS Jitter,avgJitterDSMs,uint32,0,1,0,0,0,DurationMSec,0,0,1,1,0,,,,,,,,,
1140,Packets Lost,pktLost,uint32,0,1,0,0,0,,0,0,1,1,0,,,1,,,1,,,
1141,Packets Lost (SD),pktLostSD,uint32,0,1,0,0,0,,0,0,1,1,0,,,1,,,1,,,
1142,Packets Lost (DS),pktLostDS,uint32,0,1,0,0,0,,0,0,1,1,0,,,1,,,1,,,
1143,Packets Missing,pktMIA,uint32,0,1,0,0,0,,0,0,1,1,0,,,1,,,1,,,
1144,Packets Late,pktLate,uint32,0,1,0,0,0,,0,0,1,1,0,,,1,,,1,,,
1145,Pkt Out-of-Seq,pktOutSeq,uint32,0,1,0,0,0,,0,0,1,1,0,,,1,,,1,,,
1146,VoIP MOS Score,mosScore,double,0,1,0,0,0,,0,0,0,1,0,,,1,,,,,,
1147,VoIP ICPIF Score,icpifScore,uint32,0,1,0,0,0,,0,0,1,1,0,,,1,,,1,,,
1148,IP SLA Protocol,ipSLAProto,string,0,1,0,0,0,,1,1,0,0,0,,,,,,,,,
1149,VoIP Codec,codec,string,0,1,0,0,0,,1,1,0,0,0,,,,,,,,,
1150,Firewall Rule,fwRule,string,0,1,0,0,0,,1,1,0,0,0,,,,,,1,,,
1151,Palo Alto Firewall Action,paFwAction,string,0,1,0,0,0,,1,1,0,0,0,,,,,,1,,,
1152,Calling Party Number,callingPartyNumber,string,0,1,0,0,0,,1,1,0,0,0,,,,,,1,,,
1153,Original Called Party Number,originalCalledPartyNumber,string,0,1,0,0,0,,1,1,0,0,0,,,,,,1,,,
1154,Final Called Party Number,finalCalledPartyNumber,string,0,1,0,0,0,,1,1,0,0,0,,,,,,1,,,
1155,Call Connect Time,dateTimeConnect,Date,1,0,0,0,0,,0,0,0,0,0,,,,,,1,,,
1156,Call Disconnect Time,dateTimeDisconnect,Date,1,0,0,0,0,,0,0,0,0,0,,,,,,1,,,
1157,Call Duration,callDuration,uint32,1,0,0,0,0,DurationSec,0,0,0,0,0,,,,,,1,,,
1158,VoIP Phone Status,voIPPhoneStatus,string,0,1,0,0,0,,1,1,0,0,0,,,,,,1,,,
1159,Sent Byte Rate (/sec),sentBytesPerSec,double,0,0,0,1,0,BytesPerSec,0,0,1,1,0,,,,1,,,,,
1160,Received Byte Rate (/sec),recvBytesPerSec,double,0,0,0,1,0,BytesPerSec,0,0,1,1,0,,,,1,,,,,
1161,Virtualization Context,virtContext,string,0,1,0,0,0,,1,1,0,0,0,,,,,,1,,,
1162,Intf Out Queue Length,outQLen,uint32,0,1,0,0,0,,0,0,1,1,0,,1,1,,,,,,
1163,CBQoS Policy Name,qosPolicy,string,0,1,0,0,0,,1,1,0,0,0,,,,,,1,,,
1164,CBQoS Class Name,qosClass,string,0,1,0,0,0,,1,1,0,0,0,,,,,,1,,,
1165,CBQoS Conform KBps,qosConformRate,double,0,1,0,0,0,KBytesPerSec,0,0,1,1,0,,,1,,,1,,,
1166,CBQoS Exceeded KBps,qosExceedRate,double,0,1,0,0,0,KBytesPerSec,0,0,1,1,0,,,1,,,1,,,
1167,CBQoS Violated KBps,qosViolateRate,double,0,1,0,0,0,KBytesPerSec,0,0,1,1,0,,,1,,,1,,,
1168,CBQoS PrePolice KBps,qosPrePoliceRate,double,0,1,0,0,0,KBytesPerSec,0,0,1,1,0,,,1,,,1,,,
1169,CBQoS PostPolice KBps,qosPostPoliceRate,double,0,1,0,0,0,KBytesPerSec,0,0,1,1,0,,,1,,,1,,,
1170,CBQoS Drop KBps,qosDropRate,double,0,1,0,0,0,KBytesPerSec,0,0,1,1,0,,,1,,,1,,,
1171,CBQoS Drop Pct,qosDropPct,double,0,1,0,0,0,,0,0,0,1,0,,,1,,,,,,
1172,CBQoS Curr Queue Length,qosCurrQueue,uint32,0,1,0,0,0,,0,0,1,1,0,,1,1,,,,,,
1173,CBQoS Max Queue Length,qosMaxQueue,uint32,0,1,0,0,0,,0,0,1,1,0,,1,1,,,,,,
1174,CBQoS Discarded Pkt,qosDiscardPkt,uint32,0,1,0,0,0,,0,0,1,1,0,,1,1,,,,,,
1175,VPN Tunnel Name,vpnTunnelName,string,0,1,0,0,0,,1,1,0,0,0,,,,,,1,,,
1176,FQDN Name,fqdnName,string,0,1,0,0,0,,1,1,0,,0,,1,,,,1,,1,
1177,Total Byte Rate (/sec),totBytesPerSec,double,0,0,0,1,0,BytesPerSec,0,0,1,1,0,,,,1,,,,,
1178,Total Packet Rate (/sec),totPktsPerSec,double,0,0,0,1,0,PerSec,0,0,1,1,0,,,,1,,,,,
1179,OSPF Area Id,ospfAreaId,uint32,0,1,0,0,0,,1,1,0,0,0,,,1,,,1,,,
1180,OSPF State,ospfState,string,0,1,0,0,0,,1,1,0,0,0,,,1,,,1,,,
1181,BGP State,bgpState,string,0,1,0,0,0,,1,1,0,0,0,,,1,,,1,,,
1182,Host Virtual IP,hostVirtIpAddr,IP,0,1,0,0,0,,1,1,0,0,0,,1,,,,1,,1,
1183,Previous Source IP,prevSrcIpAddr,IP,0,1,0,0,0,,1,1,0,0,0,,1,,,,1,,1,
1184,Previous Source TCP/UDP Port,prevSrcIpPort,uint16,0,1,0,0,0,,1,1,0,0,0,,,1,,,1,,,
1185,Server Name,serverName,string,0,1,0,0,0,,1,1,0,0,0,,,,,,,,,
1186,Type,type,string,0,1,0,0,0,,1,1,0,0,0,,,,,,,,,
1187,Backup Status,backupStatus,string,0,1,0,0,0,,1,1,0,0,0,,,,,,,,,
1188,Image File,imageFile,string,0,1,0,0,0,,1,1,0,0,0,,,,,,,,,
1189,Start Time,startTime,string,0,1,0,0,0,,1,1,0,0,0,,,,,,,,,
1190,Code,code,uint32,0,1,0,0,0,,0,0,1,1,0,,1,1,,,,,,
1191,Source FiberChannel WWN Id,srcWWN,string,0,1,0,0,0,,1,1,0,0,0,,,,,,,,,
1192,Destination FiberChannel WWN Id,destWWN,string,0,1,0,0,0,,1,1,0,0,0,,,,,,,,,
1193,Sent Bit Rate (/sec),sentBitsPerSec,double,0,0,0,1,0,BitsPerSec,0,0,1,1,0,,,,1,,
1194,Received Bit Rate (/sec),recvBitsPerSec,double,0,0,0,1,0,BitsPerSec,0,0,1,1,0,,,,1,,
1195,Total Ports,totalPorts,uint32,0,1,0,0,0,,0,0,1,1,0,,,1,,,1,,,
1196,Used Ports,usedPorts,uint32,0,1,0,0,0,,0,0,1,1,0,,,1,,,1,,,
1197,Free Ports,freePorts,uint32,0,1,0,0,0,,0,0,1,1,0,,,1,,,1,,,
1198,Port Capacity Utilization,portCapUtil,double,0,1,0,0,0,,0,0,1,1,0,,,1,,,1,,,
1199,Free Switch Port,freeSwitchPortList,string,0,1,0,0,0,,1,1,0,0,0,,,,,,,,,
1200,Firewall Action,fwAction,string,0,1,0,0,0,,1,1,0,0,0,,,,,,1,,,
1201,Local VPN Tunnel IP,localVpnIpAddr,IP,0,1,0,0,0,,1,1,0,0,0,,,1,,,1,,1,
1202,Remote VPN Tunnel IP,remoteVpnIpAddr,IP,0,1,0,0,0,,1,1,0,0,0,,,1,,,1,,1,
1203,Tunnel Uptime,tunnelUpTime,uint64,0,0,1,0,0,DurationSec,0,0,1,1,0,1,,,,,,,,
1204,Tunnel Status,tunnelStatus,string,0,1,0,0,0,,1,1,0,0,0,,,,,,1,,,
1205,Sent Packet Drop,sentPktDrop,uint64,0,1,0,0,0,,0,0,0,1,0,,,1,,,,,,
1206,Sent Exch Reject,sentExchReject,uint64,0,1,0,0,0,,0,0,0,1,0,,,1,,,,,,
1207,Sent Exch Invalid,sentExchInvalid,uint64,0,1,0,0,0,,0,0,0,1,0,,,1,,,,,,
1208,Sent Auth Fail,sentAuthFail,uint64,0,1,0,0,0,,0,0,0,1,0,,,1,,,,,,
1209,Sent Encrypt Fail,sentEncryptFail,uint64,0,1,0,0,0,,0,0,0,1,0,,,1,,,,,,
1210,Recv Packet Drop,recvPktDrop,uint64,0,1,0,0,0,,0,0,0,1,0,,,1,,,,,,
1211,Recv Exch Reject,recvExchReject,uint64,0,1,0,0,0,,0,0,0,1,0,,,1,,,,,,
1212,Recv Exch Invalid,recvExchInvalid,uint64,0,1,0,0,0,,0,0,0,1,0,,,1,,,,,,
1213,Recv Auth Fail,recvAuthFail,uint64,0,1,0,0,0,,0,0,0,1,0,,,1,,,,,,
1214,Recv Decrypt Fail,recvDecryptFail,uint64,0,1,0,0,0,,0,0,0,1,0,,,1,,,,,,
1215,Recv Replay Fail,recvReplayFail,uint64,0,1,0,0,0,,0,0,0,1,0,,,1,,,,,,
## System attributes(range 2000-2999),,,,,,,,,,,,,,,,,,,,,,,
2000,Computer,computer,string,0,0,1,0,0,,1,1,0,0,0,,,,,,1,,,
2001,Target Computer,targetComputer,string,0,0,1,0,0,,1,1,0,0,0,,,,,,1,,,
2002,Domain,domain,string,0,0,1,0,0,,1,1,0,0,0,,,,,,1,,,
2003,Target Domain,targetDomain,string,0,0,1,0,0,,1,1,0,0,0,,,,,,1,,,
2004,Operating System Type,osType,string,0,0,1,0,0,,1,1,0,0,0,,,,,,1,,,
2005,Operating System Version,osVersion,string,0,0,1,0,0,,1,1,0,0,0,,,,,,1,,,
2006,File Name,fileName,string,0,0,1,0,0,,1,1,0,0,0,,,,,,1,,,
2007,Process Name,procName,string,0,0,1,0,0,,1,1,0,0,0,,,,,,1,,,
2008,Object Type,osObjType,string,0,0,1,0,0,,1,1,0,0,0,,,,,,1,,,
2009,Object Name,osObjName,string,0,0,1,0,0,,1,1,0,0,0,,,,,,1,,,
2010,Object Handle,osObjHandleID,string,0,0,1,0,0,,0,1,0,0,0,,,,,,1,,,
2011,Object Access Type,osObjAccessType,string,0,0,1,0,0,,1,1,0,0,0,,,,,,1,,,
2012,Polling Interval,pollIntv,uint32,0,0,1,0,0,,0,0,0,0,0,,1,,,,,,,
2013,CPU Name,cpuName,string,0,0,1,0,0,,0,1,0,0,0,,1,,,,,,,
2014,CPU Util,cpuUtil,double,0,0,1,0,0,,0,0,1,1,0,,1,,,,,1,,
2015,System Uptime,sysUpTime,uint32,0,0,1,0,0,DurationSec,0,0,1,1,0,1,,,,,,,,
2016,Software Name,swProcName,string,0,0,1,0,0,,1,1,0,0,0,1,,,,1,,,,
2017,System Process Count,procCount,uint32,0,0,1,0,0,,0,0,1,1,0,,1,,,,,,,
2018,Memory Name,memName,string,0,0,1,0,0,,0,0,0,0,0,,1,,,,,,,
2019,Free Memory,freeMemKB,uint32,0,0,1,0,0,MemoryKB,0,0,1,1,0,,1,,,,,,,
2020,Memory Util,memUtil,double,0,0,1,0,0,,0,0,1,1,0,,1,,,,,1,,
2021,Disk Name,diskName,string,0,0,1,0,0,,1,1,0,1,0,,,,,,0,,,
2022,Free Disk (MB),freeDiskMB,uint32,0,0,1,0,0,DiskMB,0,0,1,1,0,,1,,,,,1,,
2023,Disk Capacity Util,diskUtil,double,0,0,1,0,0,,0,0,1,1,0,,1,,,,,1,,
2024,Software Param,swParam,string,0,0,1,0,0,,1,1,0,0,0,,1,,,,,,,
2025,Restart Time,restartTime,Date,0,0,1,0,0,,0,0,0,0,0,1,,,,,,,,
2026,Old SVN Ver,oldSVNVersion,uint32,0,0,1,0,0,,0,0,0,0,0,,,,,1,,,,
2027,New SVN Ver,newSVNVersion,uint32,0,0,1,0,0,,0,0,0,0,0,,,,,1,,,,
2028,StartUp Config Ver,startUpConfVer,uint32,0,0,1,0,0,,0,0,0,0,0,,,,,1,,,,
2029,Running Config Ver,runningConfVer,uint32,0,0,1,0,0,,0,0,0,0,0,,,,,1,,,,
2030,System Temp,sysTemp,uint32,0,0,1,0,0,TempDegC,0,0,1,1,0,,1,,,,,,,
2031,Uptime Mon Duration,sysUpTimeMonDuration,uint32,0,0,1,0,0,DurationSec,0,0,1,1,0,,1,,,,,,,
2032,Process Count Mon Duration,sysProcMonDuration,uint32,0,0,1,0,0,DurationSec,0,0,1,1,0,,1,,,,,,,
2033,CPU Mon Duration,sysCPUMonDuration,uint32,0,0,1,0,0,DurationSec,0,0,1,1,0,,1,,,,,,,
2034,Mem Mon Duration,sysMemMonDuration,uint32,0,0,1,0,0,DurationSec,0,0,1,1,0,,1,,,,,,,
2035,Disk Mon Duration,sysDiskUsageMonDuration,uint32,0,0,1,0,0,DurationSec,0,0,1,1,0,,1,,,,,,,
2036,Intf Mon Duration,intfMonDuration,uint32,0,0,1,0,0,DurationSec,0,0,1,1,0,,1,,,,,,,
2037,Appl Mon Duration,procResourceMonDuration,uint32,0,0,1,0,0,DurationSec,0,0,1,1,0,,1,,,,,,,
2038,Inst Sw Mon Duration,instSwMonDuration,uint32,0,0,1,0,0,DurationSec,0,0,1,1,0,,1,,,,,,,
2039,Config Mon Duration,configMonDuration,uint32,0,0,1,0,0,DurationSec,0,0,1,1,0,,1,,,,,,,
2040,Fw Conn Mon Duration,fwConnMonDuration,uint32,0,0,1,0,0,DurationSec,0,0,1,1,0,,1,,,,,,,
2041,Windows Srvc Name,winSrvcName,string,0,0,1,0,0,,1,1,0,0,0,,1,,,,,,,
2042,Performance Health,perfHealth,uint16,0,0,1,0,0,,1,1,0,0,0,,1,,,,,,,
2043,Src Terminal Name,srcTerminal,string,0,0,1,0,0,,1,1,0,0,0,,,,,,1,,,
2044,Disk Used (MB),diskUsage,uint64,0,0,1,0,0,DiskMB,0,0,1,1,0,,1,,,,,,,
2045,Syst Uptime Pct,sysUpTimePct,double,0,0,1,0,0,,0,0,1,1,0,1,,,,,,,,
2046,Syst Downtime,sysDownTime,uint32,0,0,1,0,0,DurationSec,0,0,1,1,0,1,,,,,,,,
2047,Real Peak Memory (KB),realMemPeakKBytes,uint32,0,0,1,0,0,MemoryKB,0,0,1,1,0,,1,,,,,,,
2048,Total Read I/O Rate (KBps),ioReadKBytesPerSec,double,1,0,0,0,0,KBytesPerSec,0,0,1,1,0,,,,,,,,,
2049,Total Write I/O Rate (KBps),ioWriteKBytesPerSec,double,1,0,0,0,0,KBytesPerSec,0,0,1,1,0,,,,,,,,,
2050,System CPU Util,sysCpuUtil,double,0,0,1,0,0,,0,0,1,1,0,,1,,,,,1,,
2051,User CPU Util,userCpuUtil,double,0,0,1,0,0,,0,0,1,1,0,,1,,,,,1,,
2052,Buffer Memory,bufMemKB,uint32,0,0,1,0,0,MemoryKB,0,0,1,1,0,,1,,,,,,,
2053,Cache Memory,cacheMemKB,uint32,0,0,1,0,0,MemoryKB,0,0,1,1,0,,1,,,,,,,
2054,Hardware Status ,hwStatusCode,uint16,0,0,1,0,0,,1,1,0,0,0,,,,,,,,,
## 2055,Hardware Battery Name,hwBatteryName,string,0,0,1,0,0,,1,1,0,0,0,,,,,,,,,
2056,Hardware Battery Status,hwBatteryStatus,uint16,0,0,1,0,0,Code,1,1,0,0,0,,,,,,,,,
## 2057,Hardware Disk Name,hwDiskName,string,0,0,1,0,0,,1,1,0,0,0,,,,,,,,,
2058,Hardware Disk Status,hwDiskStatus,uint16,0,0,1,0,0,Code,1,1,0,0,0,,,,,,,,,
## 2059,Hardware Power Supply Name,hwPowerSupplyName,string,0,0,1,0,0,,1,1,0,0,0,,,,,,,,,
2060,Hardware Power Supply Status,hwPowerSupplyStatus,uint16,0,0,1,0,0,Code,1,1,0,0,0,,,,,,,,,
## 2061,Hardware Temperature Sensor Name,hwTempSensorName,string,0,0,1,0,0,,1,1,0,0,0,,,,,,,,,
2062,Hardware Temperature Sensor Status,hwTempSensorStatus,uint16,0,0,1,0,0,Code,1,1,0,0,0,,,,,,,,,
## 2063,Hardware Fan Name,hwFanName,string,0,0,1,0,0,,1,1,0,0,0,,,,,,,,,
2064,Hardware Fan Status,hwFanStatus,uint16,0,0,1,0,0,Code,1,1,0,0,0,,,,,,,,,
2065,Hardware Amp Status,hwAmpStatus,uint16,0,0,1,0,0,Code,1,1,0,0,0,,,,,,,,,
2066,Hardware Voltage Status,hwVoltageStatus,uint16,0,0,1,0,0,Code,1,1,0,0,0,,,,,,,,,
2067,Hardware Memory Status,hwMemoryStatus,uint16,0,0,1,0,0,Code,1,1,0,0,0,,,,,,,,,
2068,Hardware Log Status,hwLogStatus,uint16,0,0,1,0,0,Code,1,1,0,0,0,,,,,,,,,
2069,Processor Status,hwProcStatus,uint16,0,0,1,0,0,,1,1,0,0,0,,,,,,,,,
2070,Power Chord Status,hwPowerChordStatus,uint16,0,0,1,0,0,Code,1,1,0,0,0,,,,,,,,,
2071,Storage Controller Status,hwStorageControllerStatus,uint16,0,0,1,0,0,Code,1,1,0,0,0,,,,,,,,,
2072,Storage Channel Status,hwStorageChannelStatus,uint16,0,0,1,0,0,Code,1,1,0,0,0,,,,,,,,,
2073,Storage Enclosure Status,hwStorageEnclosureStatus,uint16,0,0,1,0,0,Code,1,1,0,0,0,,,,,,,,,
2074,Storage Power Supply Status,hwStoragePowerSupplyStatus,uint16,0,0,1,0,0,Code,1,1,0,0,0,,,,,,,,,
2075,Storage Fan Status,hwStorageFanStatus,uint16,0,0,1,0,0,Code,1,1,0,0,0,,,,,,,,,
2076,Storage Temp Status,hwStorageTempStatus,uint16,0,0,1,0,0,Code,1,1,0,0,0,,,,,,,,,
2077,Storage EMM Status,hwStorageEMMStatus,uint16,0,0,1,0,0,Code,1,1,0,0,0,,,,,,,,,
2078,Logical Disk status,logDiskStatus,uint16,0,0,1,0,0,Code,1,1,0,0,0,,,,,,,,,
2079,Disk Location,hwDiskLoc,string,0,0,1,0,0,,1,1,0,0,0,,,,,,,,,
2080,Disk Serial,hwDiskSerial,string,0,0,1,0,0,,1,1,0,0,0,,,,,,,,,
2081,Disk Model,hwDiskModel,string,0,0,1,0,0,,1,1,0,0,0,,,,,,,,,
2082,Hardware Component Name,hwComponentName,string,0,0,1,0,0,,1,1,0,0,0,,,,,,,,,
2083,Hardware Component Status,hwComponentStatus,string,0,0,1,0,0,Code,1,1,0,0,0,,,,,,,,,
2084,Failed Fan Count,hwFailedFanCount,uint16,0,0,1,0,0,,1,1,0,0,0,,,,,,,,,
2085,Failed Power Supply Count,hwFailedPowerSupplyCount,uint16,0,0,1,0,0,,1,1,0,0,0,,,,,,,,,
2086,CIFS Request Rate (/sec),cifsOpsPerSec,double,0,0,1,0,0,PerSec,1,1,0,0,0,,,,,,,,,
2087,NFS Request Rate (/sec),nfsOpsPerSec,double,0,0,1,0,0,PerSec,1,1,0,0,0,,,,,,,,,
2088,Disk Read Rate (KBps),diskReadKBytesPerSec,double,0,0,1,0,0,KBytesPerSec,1,1,0,0,0,,,,,,,,,
2089,Disk Write Rate (KBps),diskWriteKBytesPerSec,double,0,0,1,0,0,KBytesPerSec,1,1,0,0,0,,,,,,,,,
2090,Net Sent Rate (KBps),netSentKBytesPerSec,double,0,0,1,0,0,KBytesPerSec,1,1,0,0,0,,,,,,,,,
2091,Net Received Rate (KBps),netRecvdKBytesPerSec,double,0,0,1,0,0,KBytesPerSec,1,1,0,0,0,,,,,,,,,
2092,RPC Bad Calls,rpcBadCallsDelta,uint64,0,0,1,0,0,,1,1,0,0,0,,,,,,,,,
2093,NFS Bad Calls,nfsBadCallsDelta,uint64,0,0,1,0,0,,1,1,0,0,0,,,,,,,,,
2094,CIFS Bad Calls,cifsBadCallsDelta,uint64,0,0,1,0,0,,1,1,0,0,0,,,,,,,,,
2095,Cache Age (Min),cacheAgeMin,uint64,0,0,1,0,0,,1,1,0,0,0,,,,,,,,,
2096,Disk IO Util,diskIOUtil,double,0,0,1,0,0,,0,0,1,1,0,,1,,,,,1,,
2097,CPU for IO Util,cpuForIOUtil,double,0,0,1,0,0,,0,0,1,1,0,,1,,,,,1,,
2098,Swap Read Rate (Pages/sec),swapInRate,double,0,0,1,0,0,,1,1,0,0,0,,,,,,,,,
2099,Swap Write Rate (Pages/sec),swapOutRate,double,0,0,1,0,0,,1,1,0,0,0,,,,,,,,,
2100,Total Swap Rate (Pages/sec),swapRate,double,0,0,1,0,0,,1,1,0,0,0,,,,,,,,,
2101,System Logged In User,numUser,uint32,0,0,1,0,0,,1,1,0,0,0,,,,,,,,,
2102,Average System Job,numJob,uint32,0,0,1,0,0,,1,1,0,0,0,,,,,,,,,
2103,Disk Adapter,diskAdapter,string,0,0,1,0,0,,1,1,0,1,0,,,,,,0,,,
2104,VM Disk Read Latency,guestDiskRdLatency,double,0,0,1,0,0,DurationMSec,0,0,1,0,0,,1,,,,,,,
2105,VM Disk Write Latency,guestDiskWrLatency,double,0,0,1,0,0,DurationMSec,0,0,1,0,0,,1,,,,,,,
2106,ESX Kernel Disk Read Latency,kernDiskRdLatency,double,0,0,1,0,0,DurationMSec,0,0,1,0,0,,1,,,,,,,
2107,ESX Kernel Disk Write Latency,kernDiskWrLatency,double,0,0,1,0,0,DurationMSec,0,0,1,0,0,,1,,,,,,,
2108,Disk Read Latency (ms),devDiskRdLatency,double,0,0,1,0,0,DurationMSec,0,0,1,0,0,,1,,,,,,,
2109,Disk Write Latency (ms),devDiskWrLatency,double,0,0,1,0,0,DurationMSec,0,0,1,0,0,,1,,,,,,,
2110,Disk Read Rate (req/sec),diskReadReqPerSec,double,0,0,1,0,0,PerSec,0,0,1,0,0,,1,,,,,,,
2111,Disk Write Rate (req/sec),diskWriteReqPerSec,double,0,0,1,0,0,PerSec,0,0,1,0,0,,1,,,,,,,
2112,Physical CPU Util,phyCpuUtil,double,0,0,1,0,0,,0,0,1,1,0,,1,,,,,1,,
2113,VM CPU System Svc %,cpuSysPct,double,0,0,1,0,0,,0,0,1,1,0,,1,,,,,1,,
2114,VM CPU Run %,cpuRunPct,double,0,0,1,0,0,,0,0,1,1,0,,1,,,,,1,,
2115,VM CPU Ready %,cpuReadyPct,double,0,0,1,0,0,,0,0,1,1,0,,1,,,,,1,,
2116,VM CPU Limited %,cpuMlmtedPct,double,0,0,1,0,0,,0,0,1,1,0,,1,,,,,1,,
2117,Swap Read KBps,swapReadKBytesPerSec,double,0,0,1,0,0,KBytesPerSec,0,0,1,0,0,,1,,,,,,,
2118,Swap Write KBps,swapWriteKBytesPerSec,double,0,0,1,0,0,KBytesPerSec,0,0,1,0,0,,1,,,,,,,
2119,Free Memory State,freeMemState,uint16,0,0,0,1,0,Code,1,1,0,0,0,,1,,,,,,,
2120,Physical Memory Util,phyMemUtil,double,0,0,1,0,0,,0,0,1,1,0,,1,,,,,1,,
2121,VM Name,vmName,string,0,0,1,0,0,,1,1,0,1,0,,,,,,,,,
2122,Source VM Name,srcVmName,string,0,0,1,0,0,,1,1,0,1,0,,,,,,,,1,
2123,Dest VM Name,destVmName,string,0,0,1,0,0,,1,1,0,1,0,,,,,,,,1,
2124,Original VM Name,origVmName,string,0,0,1,0,0,,1,1,0,1,0,,,,,,,,1,
2125,New VM Name,newVmName,string,0,0,1,0,0,,1,1,0,1,0,,,,,,,,1,
2126,Physical Machine Name,phyMachName,string,0,0,1,0,0,,1,1,0,1,0,,,,,,,,1,
2127,Source Physical Machine Name,srcPhyMachName,string,0,0,1,0,0,,1,1,0,1,0,,,,,,,,1,
2128,Dest Physical Machine Name,destalptPhyMachName,string,0,0,1,0,0,,1,1,0,1,0,,,,,,,,1,
2129,Original Physical Machine Name,origPhyMachName,string,0,0,1,0,0,,1,1,0,1,0,,,,,,,,1,
2130,VM Template,vmTemplate,string,0,0,1,0,0,,1,1,0,1,0,,,,,,,,,
2131,VM Guest Id,vmGuestId,string,0,0,1,0,0,,1,1,0,1,0,,,,,,,,,
2132,DRS Behaviour,drsBehavior,string,0,0,1,0,0,,1,1,0,1,0,,,,,,,,,
2133,Resource Pool,resourcePool,string,0,0,1,0,0,,1,1,0,1,0,,,,,,,,,
2134,Original Resource Pool,origResourcePool,string,0,0,1,0,0,,1,1,0,1,0,,,,,,,,,
2135,New Resource Pool,newResourcePool,string,0,0,1,0,0,,1,1,0,1,0,,,,,,,,,
2136,Dest Resource Pool,destResourcePool,string,0,0,1,0,0,,1,1,0,1,0,,,,,,,,,
2137,Datastore,datastore,string,0,0,1,0,0,,1,1,0,1,0,,,,,,,,,
2138,Cluster,cluster,string,0,0,1,0,0,,1,1,0,1,0,,,,,,,,,
2139,Datacenter,datacenter,string,0,0,1,0,0,,1,1,0,1,0,,,,,,,,,
2140,UUID,uuid,string,0,0,1,0,0,,1,1,0,1,0,,,,,,,,,
2141,Alarm,alarm,string,0,0,1,0,0,,1,1,0,1,0,,,,,,,,,
2142,Task,task,string,0,0,1,0,0,,1,1,0,1,0,,,,,,,,,
2143,Folder,folder,string,0,0,1,0,0,,1,1,0,1,0,,,,,,,,,
2144,Role,role,string,0,0,1,0,0,,1,1,0,1,0,,,,,,,,,
2145,Principal,principal,string,0,0,1,0,0,,1,1,0,1,0,,,,,,,,,
2146,Original Status,origStatus,string,0,0,1,0,0,,1,1,0,1,0,,,,,,,,,
2147,New Status,newStatus,string,0,0,1,0,0,,1,1,0,1,0,,,,,,,,,
2148,Script,script,string,0,0,1,0,0,,1,1,0,1,0,,,,,,,,,
2149,License Server,licenseServer,string,0,0,1,0,0,,1,1,0,1,0,,,,,,,,,
2150,Feature,feature,string,0,0,1,0,0,,1,1,0,1,0,,,,,,,,,
2151,Managed Entity,managedEntity,string,0,0,1,0,0,,1,1,0,1,0,,,,,,,,,
2152,VMware Event Category,vmwEventCat,string,0,0,1,0,0,,1,1,0,1,0,,,,,,,,,
2153,VMware Event Message,vmwEventMsg,string,0,0,1,0,0,,1,1,0,1,0,,,,,,,,,
2154,Disk Read/Write Latency,devDiskRWLatency,double,0,0,1,0,0,DurationMSec,0,0,1,0,0,,1,,,,,,,
2155,Disk Appl Read/Write Latency,appDiskRWLatency,double,0,0,1,0,0,DurationMSec,0,0,1,0,0,,1,,,,,,,
2156,Virtual Switch,vSwitch,string,0,0,1,0,0,,1,1,0,1,0,,,,,,,,,
## 2157,VM IP,vmIpAddr,IP,0,1,0,0,0,,1,1,0,0,0,,1,,,,1,,,
## 2158,VM Host Name,vmHostname,string,0,1,0,0,0,,1,1,0,,0,,1,,,,1,,,
2159,Virtual CPU count,vCpus,uint16,0,0,1,0,0,,0,0,1,1,0,,1,,,,,1,,
2160,CPU core count,processors,uint16,0,0,1,0,0,,0,0,1,1,0,,1,,,,,1,,
2161,Disk Transfer Rate (KBps),diskTfrKBytesPerSec,double,0,0,1,0,0,,1,1,0,0,0,,,,,,,,,
2162,Disk Number of Seeks,diskNumofSeeksPerSec,double,0,1,0,0,0,,1,1,0,0,0,,,1,,,1,,,
2163,VM Power State,vmPowerStateCode,uint16,0,0,1,0,0,,1,1,0,0,0,,,,,,,,,
2164,VM Connection State,vmConnectionStateCode,uint16,0,0,1,0,0,,1,1,0,0,0,,,,,,,,,
2165,Physical Machine Power State,phyMachPowerStateCode,uint16,0,0,1,0,0,,1,1,0,0,0,,,,,,,,,
2166,Physical Machine Connection State,phyMachConnectionStateCode,uint16,0,0,1,0,0,,1,1,0,0,0,,,,,,,,,
2167,Physical Machine IP,phyMachIpAddr,IP,0,1,0,0,0,,1,1,0,0,0,,1,,,,1,,1,
2168,Hardware Failure Reason,hwFailReason,string,0,0,1,0,0,,1,1,0,0,0,,,,,,,,,
2169,Disk Type,diskType,string,0,0,1,0,0,,1,1,0,1,0,,,,,,0,,,
2170,Object Action,osObjAction,string,0,0,1,0,0,,1,1,0,0,0,,,,,,1,,,
2171,Target Object Type,targetOsObjType,string,0,0,1,0,0,,1,1,0,0,0,,,,,,1,,,
2172,Target Object Name,targetOsObjName,string,0,0,1,0,0,,1,1,0,0,0,,,,,,1,,,
2173,Virus Database Version,virdbVer,string,0,0,1,0,0,,0,0,0,0,0,,1,,,,,,,
2174,IDS Database Version,idsdbVer,string,0,0,1,0,0,,0,0,0,0,0,,1,,,,,,,
2175,Anti-Virus Extension Database Version,avenVer,string,0,0,1,0,0,,0,0,0,0,0,,1,,,,,,,
2176,IDS Extension Database Version,idsenVer,string,0,0,1,0,0,,0,0,0,0,0,,1,,,,,,,
2177,Extension Database Version,extdbVer,string,0,0,1,0,0,,0,0,0,0,0,,1,,,,,,,
2178,Total Disk (MB),totalDiskMB,uint32,0,0,1,0,0,DiskMB,0,0,1,1,0,,1,,,,,1,,
2179,Used Disk (MB),usedDiskMB,uint32,0,0,1,0,0,DiskMB,0,0,1,1,0,,1,,,,,1,,
2180,Current Daily Disk Growth,diskGrowthMBDaily,double,0,0,1,0,0,DiskMB,0,0,1,1,0,,1,,,,,1,,
2181,Avg Daily Disk Growth,avgDiskGrowthMBDaily,double,0,0,1,0,0,DiskMB,0,0,1,1,0,,1,,,,,1,,
2182,Days To Disk Full,timeToDiskFull,int32,0,0,1,0,0,DurationDay,0,0,1,1,0,,1,,,,,1,,
2183,SAN Storage Processor Name,spName,string,0,0,1,0,0,,1,1,0,0,0,,,,,,1,,,
2184,SAN Storage Port Name,spPortName,string,0,0,1,0,0,,1,1,0,0,0,,,,,,1,,,
2185,LUN Name,lunName,string,0,0,1,0,0,,1,1,0,0,0,,,,,,1,,,
2186,LUN Number,lunNumber,uint32,0,0,1,0,0,,1,1,0,0,0,,,,,,1,,,
2187,Swap Memory Util,swapMemUtil,double,0,0,1,0,0,,0,0,1,1,0,,1,,,,,1,,
2188,Swap Memory Error,swapMemErrorString,string,0,0,1,0,0,,0,0,1,1,0,,1,,,,,1,,
2189,Free Swap Memory,freeSwapMemKB,uint32,0,0,1,0,0,MemoryKB,0,0,1,1,0,,1,,,,,,,
2190,Minimum Swap Memory,memMinimumSwap,uint32,0,0,1,0,0,MemoryKB,0,0,1,1,0,,1,,,,,,,
## attribute for virtual machine,,,,,,,,,,,,,,,,,,,,,,,
2195,Total Disk Read Latency,totDiskRdLatency,double,0,0,1,0,0,,0,0,1,0,0,,1,,,,,,,
2196,Total Disk Write Latency,totDiskWrLatency,double,0,0,1,0,0,,0,0,1,0,0,,1,,,,,,,
2197,Datacenter ID,datacenterId,string,0,0,1,0,0,,1,1,0,1,0,,,,,,,,,
2198,Cluster ID,clusterId,string,0,0,1,0,0,,1,1,0,1,0,,,,,,,,,
2199,Resource Pool ID,resPoolId,string,0,0,1,0,0,,1,1,0,1,0,,,,,,,,,
2200,CPU Util MHZ,cpuUtilMHz,double,0,0,1,0,0,,0,0,1,1,0,,1,,,,,1,,
2201,CPU Total MHZ,cpuTotalMHz,double,0,0,1,0,0,,0,0,1,1,0,,1,,,,,1,,
2203,Consumed Memory (KB),memConsumedKB,uint32,0,0,1,0,0,MemoryKB,0,0,1,1,0,,1,,,,,,,
2204,Overhead Memory (KB),memOverheadKB,uint32,0,0,1,0,0,MemoryKB,0,0,1,1,0,,1,,,,,,,
2205,Total Memory (MB),memTotalMB,uint32,0,0,1,0,0,DiskMB,0,0,1,1,0,,1,,,,,,,
#2207,Cluster Name,clusterName,string,0,0,1,0,0,,1,1,0,1,0,,,,,,,,,
#2208,Resource Pool Name,resPoolName,string,0,0,1,0,0,,1,1,0,1,0,,,,,,,,,
2209,Managed Object Reference ID,morId,string,0,0,1,0,0,,1,1,0,1,0,,,,,,,,,
2210,Cluster Path,clusterPath,string,0,0,1,0,0,,1,1,0,1,0,,,,,,,,,
2211,Resource Pool Path,resPoolPath,string,0,0,1,0,0,,1,1,0,1,0,,,,,,,,,
2212,UPS Remaining Charge (Pct),upsRemainBatteryChargePct,uint32,0,0,1,0,0,,0,0,1,1,0,,1,,,,,1,,
2213,UPS Battery Status,upsBatteryStatus,uint32,0,0,1,0,0,Code,0,0,1,1,0,,1,,,,,1,,
2214,UPS Replace Battery Indicator,upsReplaceBatteryIndicator,uint32,0,0,1,0,0,Code,0,0,1,1,0,,1,,,,,1,,
2215,UPS Time on Battery (sec),upsTimeOnBattery,uint32,0,0,1,0,0,DurationSec,0,0,1,1,0,,1,,,,,1,,
2216,UPS Output Status,upsBasicOutputStatus,uint32,0,0,1,0,0,Code,0,0,1,1,0,,1,,,,,1,,
2217,UPS Output Load,upsAdvOutputLoad,uint32,0,0,1,0,0,,0,0,1,1,0,,1,,,,,1,,
2218,UPS Output Voltage (V),upsAdvOutputVoltage,uint32,0,0,1,0,0,,0,0,1,1,0,,1,,,,,1,,
2219,UPS Output Frequency (Hz),upsAdvOutputFreq,uint32,0,0,1,0,0,,0,0,1,1,0,,1,,,,,1,,
2220,Temperature (Celsius),envTempDegC,uint32,0,0,1,0,0,TempDegC,0,0,1,1,0,,1,,,,,1,,
2221,High Temperature Threshold (Celsius),envTempHighThreshDegC,uint32,0,0,1,0,0,TempDegC,0,0,1,1,0,,1,,,,,1,,
2222,Low Temperature Threshold (Celsius),envTempLowThreshDegC,uint32,0,0,1,0,0,TempDegC,0,0,1,1,0,,1,,,,,1,,
2223,Relative Humidity,envHumidityRel,uint32,0,0,1,0,0,,0,0,1,1,0,,1,,,,,1,,
2224,High Relative Humidity Threshold,envHumidityRelHighThresh,uint32,0,0,1,0,0,,0,0,1,1,0,,1,,,,,1,,
2225,Low Relative Humidity Threshold,envHumidityRelLowThresh,uint32,0,0,1,0,0,,0,0,1,1,0,,1,,,,,1,,
2226,Liebert HVAC System State,lgpSystemState,uint16,0,0,0,1,0,Code,1,1,0,0,0,,1,,,,,,,
2227,Liebert HVAC Cooling State,lgpCoolingState,uint16,0,0,0,1,0,Code,1,1,0,0,0,,1,,,,,,,
2228,Liebert HVAC Heating State,lgpHeatingState,uint16,0,0,0,1,0,Code,1,1,0,0,0,,1,,,,,,,
2229,Liebert HVAC Humidifying  State,lgpHumidState,uint16,0,0,0,1,0,Code,1,1,0,0,0,,1,,,,,,,
2230,Liebert HVAC Dehumidifying State,lgpDehumidState,uint16,0,0,0,1,0,Code,1,1,0,0,0,,1,,,,,,,
2231,Liebert HVAC Econ Cycle State,lgpEconCycle,uint16,0,0,0,1,0,Code,1,1,0,0,0,,1,,,,,,,
2232,Liebert HVAC Fan State,lgpFanState,uint16,0,0,0,1,0,Code,1,1,0,0,0,,1,,,,,,,
2233,Liebert HVAC Cooling Capacity (pct),envCoolCap,uint16,0,0,1,0,0,,0,0,1,1,0,,1,,,,,1,,
2234,Liebert HVAC Current Capacity (pct),envHeatCap,uint16,0,0,1,0,0,,0,0,1,1,0,,1,,,,,1,,
2235,RAID Group Id,raidGrpId,uint32,0,0,1,0,0,,1,1,0,0,0,,,,,,1,,,
2236,Storage LCC Status,hwLCCStatus,uint16,0,0,1,0,0,Code,1,1,0,0,0,,,,,,,,,
2237,Storage Link Status,hwLinkStatus,uint16,0,0,1,0,0,Code,1,1,0,0,0,,,,,,,,,
2238,Storage Port Status,hwPortStatus,uint16,0,0,1,0,0,Code,1,1,0,0,0,,,,,,,,,
2239,Hot Spare Disk Count,hwHotSpareDiskCount,uint32,0,0,1,0,0,,1,1,0,0,0,,,,,,,,,
2240,RAID Type,raidType,string,0,0,1,0,0,,1,1,0,1,0,,,,,,,,,
2241,UPS Battery Current (Amp),upsBatteryCurrent,double,0,0,1,0,0,,0,0,1,1,0,,1,,,,,1,,
2242,UPS Battery Temperature (Celsius),upsBatteryTempC,uint32,0,0,1,0,0,TempDegC,0,0,1,1,0,,1,,,,,1,,
2243,UPS Battery Voltage (V),upsBatteryVoltage,double,0,0,1,0,0,,0,0,1,1,0,,1,,,,,1,,
2244,UPS Estimated Time Remaining (sec),upsEstSecRemain,uint32,0,0,1,0,0,DurationSec,0,0,1,1,0,,1,,,,,1,,
#2245,Datastore Name,datastoreName,string,0,0,1,0,0,,1,1,0,1,0,,,,,,,,,
2246,Disk Queue Length,diskQLen,uint32,0,0,1,0,0,,1,1,0,0,0,,,,,,,,,
2247,Temp Offset High (Celsius),envTempOffHighDegC,uint32,0,0,1,0,0,TempDegC,0,0,1,1,0,,1,,,,,1,,
2248,Temp Offset Low (Celsius),envTempOffLowDegC,uint32,0,0,1,0,0,TempDegC,0,0,1,1,0,,1,,,,,1,,
2249,Humidity Offset High,envHumidityOffHigh,uint32,0,0,1,0,0,,0,0,1,1,0,,1,,,,,1,,
2250,Humidity Offset Low,envHumidityOffLow,uint32,0,0,1,0,0,,0,0,1,1,0,,1,,,,,1,,
2251,Misc Component Status,hwMiscCompStatus,uint16,0,0,1,0,0,Code,1,1,0,0,0,,,,,,,,,
2252,WLAN SSID,wlanSsid,string,0,0,1,0,0,,1,1,0,1,0,,,,,,,,,
2253,WLAN Controller IP,wlanContrIpAddr,IP,0,1,0,0,0,,1,1,0,0,0,,1,,,,1,,,
2254,WLAN Controller Host Name,wlanContrHostName,string,0,1,0,0,0,,1,1,0,,0,,1,,,,1,,,
2255,Destination Domain,destDomain,string,0,0,1,0,0,,1,1,0,0,0,,,,,,1,,,
2256,Source Domain,srcDomain,string,0,0,1,0,0,,1,1,0,0,0,,,,,,1,,,
2257,Output Voltage X-N,outputVoltageXNVolts,uint32,0,0,1,0,0,,0,0,1,1,0,,1,,,,,1,,
2258,Output Voltage Y-N,outputVoltageYNVolts,uint32,0,0,1,0,0,,0,0,1,1,0,,1,,,,,1,,
2259,Output Voltage Z-N,outputVoltageZNVolts,uint32,0,0,1,0,0,,0,0,1,1,0,,1,,,,,1,,
2260,Output Current X (Amps),outputCurrentXAmps,uint32,0,0,1,0,0,,0,0,1,1,0,,1,,,,,1,,
2261,Output Current Y (Amps),outputCurrentYAmps,uint32,0,0,1,0,0,,0,0,1,1,0,,1,,,,,1,,
2262,Output Current Z (Amps),outputCurrentZAmps,uint32,0,0,1,0,0,,0,0,1,1,0,,1,,,,,1,,
2263,Neutral Current (Amps),neutralCurrentAmps,uint32,0,0,1,0,0,,0,0,1,1,0,,1,,,,,1,,
2264,Ground Current (Amps),groundCurrentAmps,double,0,0,1,0,0,,0,0,1,1,0,,1,,,,,1,,
2265,Output Power (Watts),outputPowerWatts,uint32,0,0,1,0,0,,0,0,1,1,0,,1,,,,,1,,
2266,Power Factor,powerFactor,uint32,0,0,1,0,0,,0,0,1,1,0,,1,,,,,1,,
2267,Output Frequency (Hz),outputFrequency,uint32,0,0,1,0,0,,0,0,1,1,0,,1,,,,,1,,
2268,Output Vx THD,outputVxTHD,double,0,0,1,0,0,,0,0,1,1,0,,1,,,,,1,,
2269,Output Vy THD,outputVyTHD,double,0,0,1,0,0,,0,0,1,1,0,,1,,,,,1,,
2270,Output Vz THD,outputVzTHD,double,0,0,1,0,0,,0,0,1,1,0,,1,,,,,1,,
2271,Output lx THD,outputLxTHD,double,0,0,1,0,0,,0,0,1,1,0,,1,,,,,1,,
2272,Output ly THD,outputLyTHD,double,0,0,1,0,0,,0,0,1,1,0,,1,,,,,1,,
2273,Output lz THD,outputLzTHD,double,0,0,1,0,0,,0,0,1,1,0,,1,,,,,1,,
2274,Output kWh,outputKWh,double,0,0,1,0,0,,0,0,1,1,0,,1,,,,,1,,
2275,Output lx Crest Factor,outputLxCrestFactor,double,0,0,1,0,0,,0,0,1,1,0,,1,,,,,1,,
2276,Output ly Crest Factor,outputLyCrestFactor,double,0,0,1,0,0,,0,0,1,1,0,,1,,,,,1,,
2277,Output lz Crest Factor,outputLzCrestFactor,double,0,0,1,0,0,,0,0,1,1,0,,1,,,,,1,,
2278,Output lx K-Factor,outputLxKFactor,double,0,0,1,0,0,,0,0,1,1,0,,1,,,,,1,,
2279,Output ly K-Factor,outputLyKFactor,double,0,0,1,0,0,,0,0,1,1,0,,1,,,,,1,,
2280,Output lz K-Factor,outputLzKFactor,double,0,0,1,0,0,,0,0,1,1,0,,1,,,,,1,,
2281,Output lx Capacity,outputLxCapacity,uint32,0,0,1,0,0,,0,0,1,1,0,,1,,,,,1,,
2282,Output ly Capacity,outputLyCapacity,uint32,0,0,1,0,0,,0,0,1,1,0,,1,,,,,1,,
2283,Output lz Capacity,outputLzCapacity,uint32,0,0,1,0,0,,0,0,1,1,0,,1,,,,,1,,
2284,Temperature (Fahrenheit),envTempDegF,uint32,0,0,1,0,0,TempDegF,0,0,1,1,0,,1,,,,,1,,
2285,High Temperature Threshold (Fahrenheit),envTempHighThreshDegF,uint32,0,0,1,0,0,TempDegF,0,0,1,1,0,,1,,,,,1,,
2286,Low Temperature Threshold (Fahrenheit),envTempLowThreshDegF,uint32,0,0,1,0,0,TempDegF,0,0,1,1,0,,1,,,,,1,,
2287,Temp Offset High (Fahrenheit),envTempOffHighDegF,uint32,0,0,1,0,0,TempDegF,0,0,1,1,0,,1,,,,,1,,
2288,Temp Offset Low (Fahrenheit),envTempOffLowDegF,uint32,0,0,1,0,0,TempDegF,0,0,1,1,0,,1,,,,,1,,
2289,UPS Battery Temperature (Fahrenheit),upsBatteryTempF,uint32,0,0,1,0,0,TempDegF,0,0,1,1,0,,1,,,,,1,,
2290,Interface Oper Status,ifOperStatus,string,0,0,1,0,0,,1,1,0,1,0,,,,,,,,,
2291,WLAN User count,wlanUserCount,uint32,0,0,1,0,0,,0,0,1,1,0,,1,,,,,1,,
2292,WLAN Supported Channels,wlanSuppChannels,string,0,0,1,0,0,,1,1,0,1,0,,,,,,,,,
2293,WLAN Transmit Util,wlanSendUtil,uint32,0,0,1,0,0,,0,0,1,1,0,,1,,,,,1,,
2294,WLAN Receive Util,wlanRecvUtil,uint32,0,0,1,0,0,,0,0,1,1,0,,1,,,,,1,,
2295,WLAN Channel Util,wlanChannelUtil,uint32,0,0,1,0,0,,0,0,1,1,0,,1,,,,,1,,
2296,WLAN Poor SNR User count,wlanPoorSNRUserCount,uint32,0,0,1,0,0,,0,0,1,1,0,,1,,,,,1,,
2297,WLAN Intf Load Profile,ifLoadProfile,string,0,0,1,0,0,,1,1,0,1,0,,,,,,,,,
2298,WLAN Intf Interefence Profile,ifIntefProfile,string,0,0,1,0,0,,1,1,0,1,0,,,,,,,,,
2299,WLAN Intf Coverage Profile,ifCoverageProfile,string,0,0,1,0,0,,1,1,0,1,0,,,,,,,,,"	  "
2300,WLAN Intf Noise Profile,ifNoiseProfile,string,0,0,1,0,0,,1,1,0,1,0,,,,,,,,,
2301,WLAN RSSI (dB),wlanRssi,uint32,0,0,1,0,0,Decibels,0,0,1,1,0,,1,,,,,1,,
2302,WLAN SNR (dB),wlanSnr,uint32,0,0,1,0,0,Decibels,0,0,1,1,0,,1,,,,,1,,
2303,WLAN Mobility Status,wlanMobilityStatus,string,0,0,1,0,0,,1,1,0,1,0,,,,,,,,,
2304,WLAN Protocol,wlanProtocol,string,0,0,1,0,0,,1,1,0,1,0,,,,,,,,,
2305,WLAN AP Association Uptime,wlanApAssocUpTime,uint32,0,0,1,0,0,DurationSec,0,0,1,1,0,1,,,,,,,,
2306,WLAN Max Host Txmit Rate (Mbps),wlanMaxHostTxmitRate,uint32,0,0,1,0,0,,0,0,1,1,0,,1,,,,,1,,
2307,WLAN Intf Interefence Index,ifIntefIndx,uint32,0,0,1,0,0,,1,1,0,1,0,,,,,,,,,
2308,WLAN Intf Coverage Index,ifCoverageIndx,uint32,0,0,1,0,0,,1,1,0,1,0,,,,,,,,,"	  "
2309,WLAN Intf Noise Index,ifNoiseIndx,uint32,0,0,1,0,0,,1,1,0,1,0,,,,,,,,,
2310,Datastore Type,datastoreType,string,0,0,1,0,0,,1,1,0,1,0,,,,,,0,,,
2311,Disk RW Rate (req/sec),diskRWReqPerSec,double,0,0,1,0,0,PerSec,0,0,1,0,0,,1,,,,,,,
2312,Disk RW Rate (KBps),diskRWKBytesPerSec,double,0,0,1,0,0,KBytesPerSec,1,1,0,0,0,,,,,,,,,
2313,Printer Device Status,prtDevStatus,string,0,0,1,0,0,,1,1,0,1,0,,,,,,,,,
2314,Printer Printing Status,prtPrintStatus,string,0,0,1,0,0,,1,1,0,1,0,,,,,,,,,
2315,Printer Error State,prtErrorState,string,0,0,1,0,0,,1,1,0,1,0,,,,,,,,,
2316,Printed Page Count,prtPrintPageCount,uint32,0,0,1,0,0,,1,1,0,1,0,,,,,,,,,
2317,Printer Supply Name,prtSupplyName,string,0,0,1,0,0,,1,1,0,1,0,,,,,,,,,
2318,Printer Supply Type,prtSupplyType,string,0,0,1,0,0,,1,1,0,1,0,,,,,,,,,
2319,Printer Max Supply Level,prtMaxSupplyLevel,int32,0,0,1,0,0,,1,1,0,1,0,,,,,,,,,
2320,Printer Current Supply Level,prtCurrSupplyLevel,int32,0,0,1,0,0,,1,1,0,1,0,,,,,,,,,
2321,Printer Supply Unit,prtSupplyUnit,string,0,0,1,0,0,,1,1,0,1,0,,,,,,,,,
2322,Printer Pct Used Supply,prtCurrSupplyUsedPct,double,0,0,1,0,0,,1,1,0,1,0,,,,,,,,,
2323,SAN FC Login Status,fcLoginStatus,uint32,0,0,1,0,0,,1,1,0,0,0,,,,,,1,,,
2324,SAN FC Registration Status,fcRegStatus,uint32,0,0,1,0,0,,1,1,0,0,0,,,,,,1,,,
2325,SAN LUN Name List,lunNameList,string,0,0,1,0,0,,1,1,0,0,0,,,,,,1,,,
2326,SAN Storage Group Name,sgName,string,0,0,1,0,0,,1,1,0,0,0,,,,,,1,,,
2327,Current Weekly Disk Growth,diskGrowthMBWeekly,double,0,0,1,0,0,DiskMB,0,0,1,1,0,,1,,,,,1,,
2328,Avg Weekly Disk Growth,avgDiskGrowthMBWeekly,double,0,0,1,0,0,DiskMB,0,0,1,1,0,,1,,,,,1,,
2329,Current Monthly Disk Growth,diskGrowthMBMonthly,double,0,0,1,0,0,DiskMB,0,0,1,1,0,,1,,,,,1,,
2330,Avg Monthly Disk Growth,avgDiskGrowthMBMonthly,double,0,0,1,0,0,DiskMB,0,0,1,1,0,,1,,,,,1,,
2331,Disk IO Rate (KBps),diskTotKBytesPerSec,double,0,0,1,0,0,KBytesPerSec,1,1,0,0,0,,,,,,,,,
2332,Disk IO Rate (req/sec),diskTotReqPerSec,double,0,0,1,0,0,PerSec,0,0,1,0,0,,1,,,,,,,
2333,ISCSI Request Rate (/sec),iscsiOpsPerSec,double,0,0,1,0,0,PerSec,1,1,0,0,0,,,,,,,,,
2334,FCP Request Rate (/sec),fcpOpsPerSec,double,0,0,1,0,0,PerSec,1,1,0,0,0,,,,,,,,,
2335,NFS Read Request (/sec),nfsReadOpsPerSec,double,0,0,1,0,0,PerSec,1,1,0,0,0,,,,,,,,,
2336,NFS Write Request (/sec),nfsWriteOpsPerSec,double,0,0,1,0,0,PerSec,1,1,0,0,0,,,,,,,,,
2337,NFS Read Latency (ms),nfsReadLatency,double,0,0,1,0,0,DurationMSec,0,0,1,0,0,,1,,,,,,,
2338,NFS Write Latency (ms),nfsWriteLatency,double,0,0,1,0,0,DurationMSec,0,0,1,0,0,,1,,,,,,,
2339,NFS Read Volume (KBps),nfsReadKBytesPerSec,double,0,0,1,0,0,KBytesPerSec,0,0,1,0,0,,1,,,,,,,
2340,NFS Write Volume (KBps),nfsWriteKBytesPerSec,double,0,0,1,0,0,KBytesPerSec,0,0,1,0,0,,1,,,,,,,
2341,ISCSI Read Request (/sec),iscsiReadOpsPerSec,double,0,0,1,0,0,PerSec,1,1,0,0,0,,,,,,,,,
2342,ISCSI Write Request (/sec),iscsiWriteOpsPerSec,double,0,0,1,0,0,PerSec,1,1,0,0,0,,,,,,,,,
2343,ISCSI Read Latency (ms),iscsiReadLatency,double,0,0,1,0,0,DurationMSec,0,0,1,0,0,,1,,,,,,,
2344,ISCSI Write Latency (ms),iscsiWriteLatency,double,0,0,1,0,0,DurationMSec,0,0,1,0,0,,1,,,,,,,
2345,ISCSI Read Volume (KBps),iscsiReadKBytesPerSec,double,0,0,1,0,0,KBytesPerSec,0,0,1,0,0,,1,,,,,,,
2346,ISCSI Write Volume (KBps),iscsiWriteKBytesPerSec,double,0,0,1,0,0,KBytesPerSec,0,0,1,0,0,,1,,,,,,,
2347,FCP Read Request (/sec),fcpReadOpsPerSec,double,0,0,1,0,0,PerSec,1,1,0,0,0,,,,,,,,,
2348,FCP Write Request (/sec),fcpWriteOpsPerSec,double,0,0,1,0,0,PerSec,1,1,0,0,0,,,,,,,,,
2349,FCP Read Latency (ms),fcpReadLatency,double,0,0,1,0,0,DurationMSec,0,0,1,0,0,,1,,,,,,,
2350,FCP Write Latency (ms),fcpWriteLatency,double,0,0,1,0,0,DurationMSec,0,0,1,0,0,,1,,,,,,,
2351,FCP Read Volume (KBps),fcpReadKBytesPerSec,double,0,0,1,0,0,KBytesPerSec,0,0,1,0,0,,1,,,,,,,
2352,FCP Write Volume (KBps),fcpWriteKBytesPerSec,double,0,0,1,0,0,KBytesPerSec,0,0,1,0,0,,1,,,,,,,
2353,CIFS Latency (ms),cifsLatency,double,0,0,1,0,0,DurationMSec,0,0,1,0,0,,1,,,,,,,
2354,CIFS Read Latency (ms),cifsReadLatency,double,0,0,1,0,0,DurationMSec,0,0,1,0,0,,1,,,,,,,
2355,CIFS Write Latency (ms),cifsWriteLatency,double,0,0,1,0,0,DurationMSec,0,0,1,0,0,,1,,,,,,,
2356,CIFS Read Request (/sec),cifsReadOpsPerSec,double,0,0,1,0,0,PerSec,1,1,0,0,0,,,,,,,,,
2357,CIFS Write Request (/sec),cifsWriteOpsPerSec,double,0,0,1,0,0,PerSec,1,1,0,0,0,,,,,,,,,
2358,Aggregate Read Request (/sec),aggrReadOpsPerSec,double,0,0,1,0,0,PerSec,1,1,0,0,0,,,,,,,,,
2359,Aggregate Write Request (/sec),aggrWriteOpsPerSec,double,0,0,1,0,0,PerSec,1,1,0,0,0,,,,,,,,,
2360,Aggregate Transfer (/sec),aggrTxfrPerSec,double,0,0,1,0,0,PerSec,1,1,0,0,0,,,,,,,,,
2361,Aggregate CP Read (/sec),aggrCpReadPerSec,double,0,0,1,0,0,PerSec,1,1,0,0,0,,,,,,,,,
2362,Disk Queue Full (/sec),diskQueueFull,double,0,0,1,0,0,PerSec,1,1,0,0,0,,,,,,,,,
2363,SAN Read Request (/sec),sanReadOpsPerSec,double,0,0,1,0,0,PerSec,1,1,0,0,0,,,,,,,,,
2364,SAN Write Request (/sec),sanWriteOpsPerSec,double,0,0,1,0,0,PerSec,1,1,0,0,0,,,,,,,,,
2365,SAN Read Latency (ms),sanReadLatency,double,0,0,1,0,0,DurationMSec,0,0,1,0,0,,1,,,,,,,
2366,SAN Write Latency (ms),sanWriteLatency,double,0,0,1,0,0,DurationMSec,0,0,1,0,0,,1,,,,,,,
2367,NetApp Aggregate Name,aggrName,string,0,0,1,0,0,,1,1,0,1,0,,,,,,0,,,
2368,NetApp Volume Name,volName,string,0,0,1,0,0,,1,1,0,1,0,,,,,,0,,,
2369,Disk Transfer Ops(/s),diskTfrOpsPerSec,double,0,0,1,0,0,,1,1,0,0,0,,,,,,,,,
2370,Total Disk Count,totDisk,uint32,0,0,1,0,0,,1,1,0,1,0,,,,,,,,,
2371,Active Disk Count,activeDisk,uint32,0,0,1,0,0,,1,1,0,1,0,,,,,,,,,
2372,Failed Disk Count,failedDisk,uint32,0,0,1,0,0,,1,1,0,1,0,,,,,,,,,
2373,Spare Disk Count,spareDisk,uint32,0,0,1,0,0,,1,1,0,1,0,,,,,,,,,
2374,Reconstructing Disk Count,reconstDisk,uint32,0,0,1,0,0,,1,1,0,1,0,,,,,,,,,
2375,Reconstructing Parity Disk Count,reconstParityDisk,uint32,0,0,1,0,0,,1,1,0,1,0,,,,,,,,,
2376,Verify Parity Disk Count,verifyParityDisk,uint32,0,0,1,0,0,,1,1,0,1,0,,,,,,,,,
2377,Scrubbing Disk Count,scrubbDisk,uint32,0,0,1,0,0,,1,1,0,1,0,,,,,,,,,
2378,Add Spare Disk Count,addSpareDisk,uint32,0,0,1,0,0,,1,1,0,1,0,,,,,,,,,
2379,Disk IO Queue,ioQueue,uint32,0,0,1,0,0,,1,1,0,1,0,,,,,,,,,
2380,Disk Transfer Rate(/sec),diskTransferRate,double,0,0,1,0,0,PerSec,1,1,0,0,0,,,,,,,,,
2381,SAN Connection Count,sanConnCount,uint32,0,0,1,0,0,,1,1,0,1,0,,,,,,,,,
2382,Hardware Raid Status,hwRaidStatus,uint16,0,0,1,0,0,Code,1,1,0,0,0,,,,,,,,,
2383,Total Storage (MB),totalStorageMB,uint32,0,0,1,0,0,DiskMB,0,0,1,1,0,,1,,,,,1,,
2384,Used Storage (MB),usedStorageMB,uint32,0,0,1,0,0,DiskMB,0,0,1,1,0,,1,,,,,1,,
2385,Reserved Storage (MB),resvStorageMB,uint32,0,0,1,0,0,DiskMB,0,0,1,1,0,,1,,,,,1,,
2386,Reserved Used Disk (MB),resvUsedStorageMB,uint32,0,0,1,0,0,DiskMB,0,0,1,1,0,,1,,,,,1,,
2387,Total Volumes,totalVolume,uint32,0,0,1,0,0,,1,1,0,1,0,,,,,,,,,
2388,Used Volumes,usedVolume,uint32,0,0,1,0,0,,1,1,0,1,0,,,,,,,,,
2389,Online Volumes,onlineVolume,uint32,0,0,1,0,0,,1,1,0,1,0,,,,,,,,,
2390,Total Snapshots,totalSnapshot,uint32,0,0,1,0,0,,1,1,0,1,0,,,,,,,,,
2391,Used Snapshots,usedSnapshot,uint32,0,0,1,0,0,,1,1,0,1,0,,,,,,,,,
2392,Online Snapshots,onlineSnapshot,uint32,0,0,1,0,0,,1,1,0,1,0,,,,,,,,,
2393,Used Inodes,inodeUsed,uint32,0,0,1,0,0,,1,1,0,1,0,,,,,,,,,
2394,Free Inodes,inodeFree,uint32,0,0,1,0,0,,1,1,0,1,0,,,,,,,,,
2395,Max Inodes,inodeMax,uint32,0,0,1,0,0,,1,1,0,1,0,,,,,,,,,
2396,Inode Util,inodeUsedPct,double,0,0,1,0,0,,1,1,0,1,0,,,,,,,,,
2397,Used Files,fileUsed,uint32,0,0,1,0,0,,1,1,0,1,0,,,,,,,,,
2398,Free Files,fileFree,uint32,0,0,1,0,0,,1,1,0,1,0,,,,,,,,,
2399,Max Files,fileMax,uint32,0,0,1,0,0,,1,1,0,1,0,,,,,,,,,
2400,File Util,fileUsedPct,double,0,0,1,0,0,,1,1,0,1,0,,,,,,,,,
2401,Max Inode Util,maxInodeUsedPct,double,0,0,1,0,0,,1,1,0,1,0,,,,,,,,,
2402,Max File Util,maxFileUsedPct,double,0,0,1,0,0,,1,1,0,1,0,,,,,,,,,
2403,Max Disk Util,maxDiskUtil,double,0,0,1,0,0,,1,1,0,1,0,,,,,,,,,
2404,Virtual Memory (KB),virtMemKBytes,uint32,0,0,1,0,0,MemoryKB,0,0,1,1,0,,1,,,,,,,
2405,Peak Virtual Memory (KB),peakVirtMemKBytes,uint32,0,0,1,0,0,MemoryKB,0,0,1,1,0,,1,,,,,,,
2406,OS Service Path,servicePath,string,0,0,1,0,0,,1,1,0,1,0,,,,,,,,,
2407,OS Service Description,serviceDesc,string,0,0,1,0,0,,1,1,0,1,0,,,,,,,,,
## App attributes (range 3000-3999),,,,,,,,,,,,,,,,,,,,,,,
3000,User,user,string,0,0,0,1,0,,1,1,0,0,0,,,,,,1,,,
3001,Target User,targetUser,string,0,0,0,1,0,,1,1,0,0,0,,,,,,1,,,
3002,User Group,userGrp,string,0,0,0,1,0,,1,1,0,0,0,,,,,,1,,,
3003,Target User Group,targetUserGrp,string,0,0,0,1,0,,1,1,0,0,0,,,,,,1,,,
3004,Win Logon Type,winLogonType,uint16,0,0,0,1,0,Code,1,1,0,0,0,,,,,,1,,,
3005,Win Logon Id,winLogonId,string,0,0,0,1,0,,0,0,0,0,0,,,,,,1,,,
3006,Logon Time,logonTime,Date,0,0,0,1,0,,0,0,0,0,0,,,,,,1,,,
3007,Logoff Time,logoffTime,Date,0,0,0,1,0,,0,0,0,0,0,,,,,,1,,,
3008,Application Name,appName,string,0,0,0,1,0,,1,1,0,0,0,,,,,,1,,,
3009,Application Ver,appVersion,string,0,0,0,1,0,,1,1,0,0,0,,,,,,1,,,
3010,HTTP Proto Version,httpVersion,string,0,0,0,1,0,,1,1,0,0,0,,,,,,1,,,
3011,Web Server Instance,srvInstName,string,0,0,0,1,0,,1,1,0,0,0,,,,,,1,,,
3012,HTTP User Agent,httpUserAgent,string,0,0,0,1,0,,1,1,0,0,0,,,,,,1,,,
3013,HTTP Referrer,httpReferrer,string,0,0,0,1,0,,1,1,0,0,0,,,,,,1,,,
3014,HTTP Method,httpMethod,string,0,0,0,1,0,,1,1,0,0,0,,,,,,1,,,
3015,URI Stem,uriStem,string,0,0,0,1,0,,1,1,0,0,0,,,,,,1,,,
3016,URI Query,uriQuery,string,0,0,0,1,0,,1,1,0,0,0,,,,,,1,,,
3017,HTTP Status ,httpStatusCode,string,0,0,0,1,0,Code,1,1,0,0,0,,,,,,1,,,
3018,HTTP Sub-status,httpSubStatusCode,string,0,0,0,1,0,Code,1,1,0,0,0,,,,,,1,,,
3019,HTTP Win32 Status,httpWin32Status,string,0,0,0,1,0,,1,1,0,0,0,,,,,,1,,,
3020,FTP Method,ftpMethod,string,0,0,0,1,0,,1,1,0,0,0,,,,,,1,,,
3021,FTP Status Code,ftpStatusCode,string,0,0,0,1,0,Code,1,1,0,0,0,,,,,,1,,,
3022,Win Logon Fail Code,winLogonFailCode,uint64,0,0,0,1,0,Code,1,1,0,0,0,,,,,,1,,,
3023,Kerberos Fail Code,winKerbFailCode,string,0,0,0,1,0,Code,1,1,0,0,0,,,,,,1,,,
3024,NAC Syst Posture Token,nacSysPostTok,string,0,0,0,1,0,,1,1,0,0,0,,,,,,1,,,
3025,NAC App Posture Token,nacAppPosTok,string,0,0,0,1,0,,1,1,0,0,0,,,,,,1,,,
3026,Cisco ACS Fail Code,ciscoACSFailCode,string,0,0,0,1,0,,1,1,0,0,0,,,,,,1,,,
3027,Command,command,string,0,0,0,1,0,,1,1,0,0,0,,,,,,1,,,
3028,HTTP Content Length,httpContentLen,uint16,0,0,0,1,0,,1,1,0,0,0,,,,,,1,,,
3029,Win IAS Fail Code,winIASFailCode,string,0,0,0,1,0,,1,1,0,0,0,,,,,,1,,,
3030,MIME Type,httpContentType,string,0,0,0,1,0,,1,1,0,0,0,,,,,,1,,,
3031,File Extension,httpFileExt,string,0,0,0,1,0,,1,1,0,0,0,,,,,,1,,,
3032,Mail Sender,senderMailAddr,string,0,0,0,1,0,,1,1,0,0,0,,,,,,1,,,
3033,Mail Receiver,receiverMailAddr,string,0,0,0,1,0,,1,1,0,0,0,,,,,,1,,,
3034,Mail Subject,mailSubject,string,0,0,0,1,0,,1,1,0,0,0,,,,,,1,,,
3035,Web Site Category,webCategory,string,0,0,0,1,0,,1,1,0,0,0,,,,,,1,,,
3036,Spam Vendor,vendor,string,0,0,0,1,0,,1,1,0,0,0,,,,,,1,,,
3037,Spam Score,spamScore,uint16,0,0,0,1,0,,0,0,1,1,0,,,,,,1,,,
3038,Virus Name,virusName,string,0,0,0,1,0,,1,1,0,0,0,,,,,,1,,,
3039,Virus Type,virusType,string,0,0,0,1,0,,1,1,0,0,0,,,,,,1,,,
3040,Virus Action,virusAction,string,0,0,0,1,0,,1,1,0,0,0,,,,,,1,,,
3041,Virus Quarantine Status,virusQuarantStatus,string,0,0,0,1,0,,1,1,0,0,0,,,,,,1,,,
3042,Added Item,addedItem,string,0,0,0,1,0,,1,1,0,0,0,,,,,1,1,,,
3043,Deleted Item,deletedItem,string,0,0,0,1,0,,1,1,0,0,0,,,,,1,1,,,
3044,Used Heap Memory,heapUsedKB,uint64,0,0,0,1,0,MemoryKB,0,0,1,1,0,,,,1,,,,,
3045,Commited Heap Memory,heapCommitKB,uint64,0,0,0,1,0,MemoryKB,0,0,1,1,0,,,,1,,,,,
3046,Heap Util,heapUtil,double,0,0,0,1,0,,0,0,1,1,0,,,,1,,,,,
3047,Max Heap Memory,heapMaxKB,uint64,0,0,0,1,0,MemoryKB,0,0,1,1,0,,,,1,,,,,
3048,Used Non-Heap Memory,nonHeapUsedKB,uint64,0,0,0,1,0,MemoryKB,0,0,1,1,0,,,,1,,,,,
3049,Committed Non-Heap Memory,nonHeapCommitKB,uint64,0,0,0,1,0,MemoryKB,0,0,1,1,0,,,,1,,,,,
3050,Max Non-Heap Memory,nonHeapMaxKB,uint64,0,0,0,1,0,MemoryKB,0,0,1,1,0,,,,1,,,,,
3051,Non-Heap Util,nonHeapUtil,double,0,0,0,1,0,,0,0,1,1,0,,,,1,,,,,
3052,Live Threads,liveThreads,uint32,0,0,0,1,0,,0,0,1,1,0,,,,1,,,,,
3053,Max Live Threads,liveThreadsMax,uint32,0,0,0,1,0,,0,0,1,1,0,,,,1,,,,,
3054,Loaded Classes,loadedClasses,uint32,0,0,0,1,0,,0,0,1,1,0,,,,1,,,,,
3055,Vulnerability Id,vulnId,uint32,0,0,0,1,0,,0,0,0,0,0,,,,,,1,,,
3056,Vulnerability Name,vulnName,string,0,0,0,1,0,,1,1,0,0,0,,,,,,1,,,
3057,Vulnerability Type,vulnType,string,0,0,0,1,0,,1,,,,0,,,,,,1,,,
3058,Vulnerability CVE Id,vulnCVEId,string,0,0,0,1,0,,1,,,,0,,,,,,1,,,
3059,Vulnerability Score,vulnScore,uint32,0,0,0,1,0,,0,0,1,1,0,,,,,,1,,,
3060,Vulnerability Score Threshold,vulnScoreThresh,uint32,0,0,0,1,0,,0,0,0,0,0,,,,,,1,,,
3061,Application Protocol,appTransportProto,string,0,0,0,1,0,,1,1,0,0,0,,,,,,1,,,
3062,Vulnerability Scan Id,scanId,uint32,0,0,0,1,0,,0,0,0,0,0,,,,,,1,,,
3063,Vulnerability Scan Profile Name,scanProfile,string,0,0,0,1,0,,1,1,0,0,0,,,,,,1,,,
3064,Vulnerability Scan Begin Time,scanBegin,Date,0,0,0,1,0,,0,0,0,0,0,,,,,,1,,,
3065,Vulnerability Scan End Time,scanEnd,Date,0,0,0,1,0,,0,0,0,0,0,,,,,,1,,,
3066,Security Attack Name,attackName,string,0,0,0,1,0,,1,1,0,0,0,,,,,,1,,,
3067,Source Appl Name,srcApp,string,0,0,0,1,0,,1,1,0,0,0,,,,,,1,,,
3068,DB Name,dbName,string,0,0,0,1,0,,1,1,0,0,0,,,,,,1,,,
3069,DB Return Code,dbRetCode,uint32,0,0,0,1,0,,1,1,0,0,0,,,,,,1,,,
3070,DB Object Name,dbObjName,string,0,0,0,1,0,,1,1,0,0,0,,,,,,1,,,
3071,DB Privilege Used,dbPrivUsed,string,0,0,0,1,0,,1,1,0,0,0,,,,,,1,,,
3072,DB Object Privilege,dbObjPriv,string,0,0,0,1,0,,1,1,0,0,0,,,,,,1,,,
3073,DB System Privilege,dbSysPriv,string,0,0,0,1,0,,1,1,0,0,0,,,,,,1,,,
3074,Policy Name,policyName,string,0,0,0,1,0,,1,1,0,0,0,,,,,,1,,,
3075,Mail Inspection Action,mailAction,string,0,0,0,1,0,,1,1,0,0,0,,,,,,1,,,
3076,SMTP Error Code,smtpFailCode,uint32,0,0,0,1,0,Code,1,1,0,0,0,,,,,,1,,,
3077,Login Event Count,loginEventCount,uint32,0,0,0,1,0,,0,0,1,1,0,,,,,,1,,,
3078,DDL Event Count,ddlEventCount,uint32,0,0,0,1,0,,0,0,1,1,0,,,,,,1,,,
3079,Total Event Count,totEventCount,uint32,0,0,0,1,0,,0,0,1,1,0,,,,,,1,,,
3080,Denied-By-Source Mail Count,deniedBySrcCount,uint32,0,0,0,1,0,,0,0,1,1,0,,,,,,1,,,
3081,Forwarded Mail Count,fwdMailCount,uint32,0,0,0,1,0,,0,0,1,1,0,,,,,,1,,,
3082,Isolated Mail Count,isolatedMailCount,uint32,0,0,0,1,0,,0,0,1,1,0,,,,,,1,,,
3083,Discarded Mail Count,discardedMailCount,uint32,0,0,0,1,0,,0,0,1,1,0,,,,,,1,,,
3084,DNS Requests Recvd,dnsReqRecv,uint32,0,0,0,1,0,,0,0,1,1,0,,,,1,,,,,
3085,DNS Responses Sent,dnsRespSent,uint32,0,0,0,1,0,,0,0,1,1,0,,,,1,,,,,
3086,WINS Requests Recvd,winsReqRecv,uint32,0,0,0,1,0,,0,0,1,1,0,,,,1,,,,,
3087,WINS Responses Sent,winsRespSent,uint32,0,0,0,1,0,,0,0,1,1,0,,,,1,,,,,
3088,Recursive DNS Query Recvd,dnsRecQueryRecv,uint32,0,0,0,1,0,,0,0,1,1,0,,,,1,,,,,
3089,Secure DNS Update Recvd,dnsSecUpdateRecv,uint32,0,0,0,1,0,,0,0,1,1,0,,,,1,,,,,
3090,Full DNS Zone Transfer Request Sent,fullDnsXferSent,uint32,0,0,0,1,0,,0,0,1,1,0,,,,1,,,,,
3091,Full DNS Zone Transfer Responses Recvd,fullDnsXferRecv,uint32,0,0,0,1,0,,0,0,1,1,0,,,,1,,,,,
3092,Full DNS Zone Transfer Success,fullDnsXferSucc,uint32,0,0,0,1,0,,0,0,1,1,0,,,,1,,,,,
3093,Incremental DNS Zone Transfer Request Sent,incrDnsXferSent,uint32,0,0,0,1,0,,0,0,1,1,0,,,,1,,,,,
3094,Incremental DNS Zone Transfer Responses Recvd,incrDnsXferRecv,uint32,0,0,0,1,0,,0,0,1,1,0,,,,1,,,,,
3095,Incremental DNS Zone Transfer Success,incrDnsXferSucc,uint32,0,0,0,1,0,,0,0,1,1,0,,,,1,,,,,
3096,Recursive DNS Query Failed,recurDnsQueryFail,uint32,0,0,0,1,0,,0,0,1,1,0,,,,1,,,,,
3097,Recursive DNS Query Timeout,recurDnsQueryTimeout,uint32,0,0,0,1,0,,0,0,1,1,0,,,,1,,,,,
3098,Dynamic DNS Update Rejected,dynDnsUpdRej,uint32,0,0,0,1,0,,0,0,1,1,0,,,,1,,,,,
3099,Dynamic DNS Update Timeout,dynDnsUpdTimeout,uint32,0,0,0,1,0,,0,0,1,1,0,,,,1,,,,,
3100,Secure DNS Update Failed,secDnsUpdFail,uint32,0,0,0,1,0,,0,0,1,1,0,,,,1,,,,,
3101,DHCP Request Rate (/sec),dhcpReqPerSec,uint32,0,0,0,1,0,PerSec,0,0,1,1,0,,,,1,,,,,
3102,DHCP Release Rate (/sec),dhcpRelPerSec,uint32,0,0,0,1,0,PerSec,0,0,1,1,0,,,,1,,,,,
3103,DHCP Decline Rate (/sec),dhcpDeclinesPerSec,uint32,0,0,0,1,0,PerSec,0,0,1,1,0,,,,1,,,,,
3104,DHCP Duplicate Drop Rate (/sec),dhcpDupsDroppedPerSec,uint32,0,0,0,1,0,PerSec,0,0,1,1,0,,,,1,,,,,
3105,DHCP Packet Rate (/sec),dhcpPktsPerSec,uint32,0,0,0,1,0,PerSec,0,0,1,1,0,,,,1,,,,,
3106,DHCP Active Queue Length,dhcpActiveQueueLen,uint32,0,0,0,1,0,,0,0,1,1,0,,,,1,,,,,
3107,DHCP Average Resp Time,dhcpAvgRespTime,uint32,0,0,0,1,0,,0,0,1,1,0,,,,1,,,,,
3108,DHCP Conflict Queue Length,dhcpConflictQueueLen,uint32,0,0,0,1,0,,0,0,1,1,0,,,,1,,,,,
3109,HTTP Current Connection Count,httpCurrConnCount,uint32,0,0,0,1,0,,0,0,1,1,0,,,,1,,,,,
3110,HTTP Max Connection Count,httpMaxConnCount,uint32,0,0,0,1,0,,0,0,1,1,0,,,,1,,,,,
3111,HTTP Sent Files,httpSentFiles,uint32,0,0,0,1,0,,0,0,1,1,0,,,,1,,,,,
3112,HTTP Recv Files,httpRecvFiles,uint32,0,0,0,1,0,,0,0,1,1,0,,,,1,,,,,
3113,HTTP Logon Attempts,httpLogons,uint32,0,0,0,1,0,,0,0,1,1,0,,,,1,,,,,
3114,HTTP Anonymous Logons,httpAnonymLogons,uint32,0,0,0,1,0,,0,0,1,1,0,,,,1,,,,,
3115,HTTP Nonanonymous Logons,httpNonanonymLogons,uint32,0,0,0,1,0,,0,0,1,1,0,,,,1,,,,,
3116,HTTP ISAPI Requests,httpIsapiReq,uint32,0,0,0,1,0,,0,0,1,1,0,,,,1,,,,,
3117,HTTP Not Found Errors,httpNotFoundErr,uint32,0,0,0,1,0,,0,0,1,1,0,,,,1,,,,,
3118,HTTP Connection Count,httpTotalAccesses,uint32,0,0,0,1,0,,0,0,1,1,0,,,,1,,,,,
3119,HTTP Total KBytes,httpTotalKBytes,uint32,0,0,0,1,0,MemoryKB,0,0,1,1,0,,,,1,,,,,
3120,Apache CPU Load,apacheCPULoad,double,0,0,0,1,0,,0,0,1,1,0,,,,1,,,,,
3121,Apache Uptime,apacheUptime,uint64,0,0,0,1,0,DurationSec,0,0,1,1,0,,,,1,,,,,
3122,Apache Request Rate (/sec),apacheReqPerSec,double,0,0,0,1,0,PerSec,0,0,1,1,0,,,,1,,,,,
3123,Apache Transfer Rate (Bytes/sec),apacheBytesPerSec,double,0,0,0,1,0,BytesPerSec,0,0,1,1,0,,,,1,,,,,
3124,Apache Transfer Rate (Bytes/Req),apacheBytesPerReq,double,0,0,0,1,0,BytesPerReq,0,0,1,1,0,,,,1,,,,,
3125,Apache Busy Workers,apacheBusyWorkers,uint32,0,0,0,1,0,,0,0,1,1,0,,,,1,,,,,
3126,Apache Idle Workers,apacheIdleWorkers,uint32,0,0,0,1,0,,0,0,1,1,0,,,,1,,,,,
3127,Application Group Name,appGroupName,string,0,0,0,1,0,,1,1,0,0,0,,,,1,,1,,,
3183,Exch VM Largest Block Size,exchVMLargestBlockSize,uint32,0,0,0,1,0,Bytes,0,0,1,1,0,,,,1,,,,,
3184,Exch VM Large Free Blocks (Bytes),exchVMTotalLargeFreeBlockBytes,uint32,0,0,0,1,0,Bytes,0,0,1,1,0,,,,1,,,,,
3185,Exch VM Free Blocks ,exchVMTotalFreeBlocks,uint32,0,0,0,1,0,Bytes,0,0,1,1,0,,,,1,,,,,
3186,Exch RPC Requests Served,exchRPCReq,uint32,0,0,0,1,0,,0,0,1,1,0,,,,1,,,,,
3187,Exch Avg RPC Latency (ms),exchRPCAvgLatency,uint32,0,0,0,1,0,DurationMSec,0,0,1,1,0,,,,1,,,,,
3188,Exch RPC Ops Rate (/sec),exchRPCOpsPerSec,uint32,0,0,0,1,0,PerSec,0,0,1,1,0,,,,1,,,,,
3189,Exch RPC Request Peak,exchRPCReqPeak,uint32,0,0,0,1,0,,0,0,1,1,0,,,,1,,,,,
3190,Exch User Count,exchUserCount,uint32,0,0,0,1,0,,0,0,1,1,0,,,,1,,,,,
3191,Exch Active User Count,exchActiveUserCount,uint32,0,0,0,1,0,,0,0,1,1,0,,,,1,,,,,
3192,Exch Peak User Count,exchPeakUserCount,uint32,0,0,0,1,0,,0,0,1,1,0,,,,1,,,,,
3193,Exch Active Conn Count,exchActiveConnCount,uint32,0,0,0,1,0,,0,0,1,1,0,,,,1,,,,,
3194,Exch Max Conn Count,exchMaxConn,uint32,0,0,0,1,0,,0,0,1,1,0,,,,1,,,,,
3195,Exch RPC Failed Count,exchRPCFailed,uint32,0,0,0,1,0,,0,0,1,1,0,,,,1,,,,,
3196,Exch RPC Success Count,exchRPCSuccess,uint32,0,0,0,1,0,,0,0,1,1,0,,,,1,,,,,
3197,Exch RPC Failed - Call Failed,exchRPCCallFailed,uint32,0,0,0,1,0,,0,0,1,1,0,,,,1,,,,,
3198,Exch RPC Denied Count,exchRPCDenied,uint32,0,0,0,1,0,,0,0,1,1,0,,,,1,,,,,
3199,Exch RPC Failed - Server Busy,exchRPCFailedServBusy,uint32,0,0,0,1,0,,0,0,1,1,0,,,,1,,,,,
3200,Exch RPC Failed - Server Unavail,exchRPCFailedServUnavail,uint32,0,0,0,1,0,,0,0,1,1,0,,,,1,,,,,
3201,Exch Background RPC Failed,exchBgRPCFailed,uint32,0,0,0,1,0,,0,0,1,1,0,,,,1,,,,,
3202,Exch Foreground RPC Failed,exchFgRPCFailed,uint32,0,0,0,1,0,,0,0,1,1,0,,,,1,,,,,
3203,NTDS Dir Search Rate (/sec),dirSearchesPerSec,double,0,0,0,1,0,PerSec,0,0,1,1,0,,,,1,,,,,
3204,NTDS Dir Read Rate (/sec),dirReadsPerSec,double,0,0,0,1,0,PerSec,0,0,1,1,0,,,,1,,,,,
3205,NTDS Dir Write Rate (/sec),dirWritesPerSec,double,0,0,0,1,0,PerSec,0,0,1,1,0,,,,1,,,,,
3206,NTDS Dir Browse Rate (/sec),dirBrowsesPerSec,double,0,0,0,1,0,PerSec,0,0,1,1,0,,,,1,,,,,
3207,NTDS LDAP Search Rate (/sec),LDAPSearchesPerSec,double,0,0,0,1,0,PerSec,0,0,1,1,0,,,,1,,,,,
3208,NTDS Client Bind Rate (/sec),DSClientBindsPerSec,double,0,0,0,1,0,PerSec,0,0,1,1,0,,,,1,,,,,
3209,NTDS LDAP New Conn Rate (/sec),LDAPNewConnectionsPerSec,double,0,0,0,1,0,PerSec,0,0,1,1,0,,,,1,,,,,
3210,NTDS LDAP Success Bind Rate (/sec),LDAPSuccessfulBindsPerSec,double,0,0,0,1,0,PerSec,0,0,1,1,0,,,,1,,,,,
3211,NTDS LDAP Active Threads,LDAPActiveThreads,uint32,0,0,0,1,0,,0,0,1,1,0,,,,1,,,,,
3212,NTDS LDAP Bind Time,LDAPBindTime,uint32,0,0,0,1,0,,0,0,1,1,0,,,,1,,,,,
3213,NTDS LDAP Client Sessions,LDAPClientSessions,uint32,0,0,0,1,0,,0,0,1,1,0,,,,1,,,,,
3214,DB Buffer Cache Hit Ratio,dbBufferCacheHitRatio,double,0,0,0,1,0,,0,0,1,1,0,,,,1,,,,,
3215,DB Log Cache Hit Ratio,dbLogCacheHitRatio,double,0,0,0,1,0,,0,0,1,1,0,,,,1,,,,,
3216,DB Data File Size (KB),dbDataFileSizeKB,uint32,0,0,0,1,0,,0,0,1,1,0,,,,1,,,,,
3217,DB Log File Used Size (KB),dbLogFileUsedKB,uint32,0,0,0,1,0,,0,0,1,1,0,,,,1,,,,,
3218,DB Target Server Memory (KB),dbTargetServerMemoryKB,uint32,0,0,0,1,0,MemoryKB,0,0,1,1,0,,,,1,,,,,
3219,DB Total Server Memory (KB),dbTotalServerMemoryKB,uint32,0,0,0,1,0,MemoryKB,0,0,1,1,0,,,,1,,,,,
3220,DB Page Split Rate (/sec),dbPageSplitsPerSec,double,0,0,0,1,0,PerSec,0,0,1,1,0,,,,1,,,,,
3221,DB Deadlock Rate (/sec),dbDeadLocksPerSec,double,0,0,0,1,0,PerSec,0,0,1,1,0,,,,1,,,,,
3222,DB Transactions Rate (/sec),dbTransPerSec,double,0,0,0,1,0,PerSec,0,0,1,1,0,,,,1,,,,,
3223,DB Read Rate (Pages/sec),dbPageReadsPerSec,double,0,0,0,1,0,PerSec,0,0,1,1,0,,,,1,,,,,
3224,DB Write Rate (Pages/sec),dbPageWritesPerSec,double,0,0,0,1,0,PerSec,0,0,1,1,0,,,,1,,,,,
3225,DB Log Flush Wait Rate (/sec),dbLogFlushPerSec,double,0,0,0,1,0,PerSec,0,0,1,1,0,,,,1,,,,,
3226,DB Latch Waits Rate (/sec),dbLatchWaitsPerSec,double,0,0,0,1,0,PerSec,0,0,1,1,0,,,,1,,,,,
3227,DB Full Scan Rate (/sec),dbFullScansPerSec,double,0,0,0,1,0,PerSec,0,0,1,1,0,,,,1,,,,,
3228,DB Log Growths,dbLogGrowthCount,uint32,0,0,0,1,0,,0,0,1,1,0,,,,1,,,,,
3229,DB Log Shrinks,dbLogShrinkCount,uint32,0,0,0,1,0,,0,0,1,1,0,,,,1,,,,,
3230,DB User Connections,dbUserConn,uint32,0,0,0,1,0,,0,0,1,1,0,,,,1,,,,,
3231,DB Count,dbCount,uint32,0,0,0,1,0,,0,0,1,1,0,,,,1,,,,,
3233,DB Logged-in Users,dbLoggedinUserCount,uint32,0,0,0,1,0,,0,0,1,1,0,,,,1,,,,,
3234,Vuln BugTraq Id,vulnBugTraqID,string,0,0,0,1,0,,1,,,,0,,,,,,1,,,
3235,Vuln Consequence,vulnConseq,string,0,0,0,1,0,,1,1,0,0,0,,,,,,1,,,
3236,Vuln Vendor,vulnVendor,string,0,0,0,1,0,,1,1,0,0,0,,,,,,1,,,
3237,DB Host CPU Util (%),dbHostCpuUtilRatio,double,0,0,0,1,0,,0,0,1,1,0,,,,1,,,,,
3238,DB CPU Time Ratio,dbCpuTimeRatio,double,0,0,0,1,0,,0,0,1,1,0,,,,1,,,,,
3240,DB Library Cache Hit Ratio,dbLibraryCacheHitRatio,double,0,0,0,1,0,,0,0,1,1,0,,,,1,,,,,
3241,DB Row Cache Hit Ratio,dbRowCacheHitRatio,double,0,0,0,1,0,,0,0,1,1,0,,,,1,,,,,
3242,DB Memory Sorts Ratio,dbMemorySortsRatio,double,0,0,0,1,0,,0,0,1,1,0,,,,1,,,,,
3243,DB Wait Time Ratio,dbWaitTimeRatio,double,0,0,0,1,0,,0,0,1,1,0,,,,1,,,,,
3244,DB User Trans Rate (/sec),dbUserTransactionPerSec,double,0,0,0,1,0,PerSec,0,0,1,1,0,,,,1,,,,,
3245,DB Enqueue Deadlock Rate (/sec),dbEnqueueDeadlocksPerSec,double,0,0,0,1,0,PerSec,0,0,1,1,0,,,,1,,,,,
3246,DB Shared Pool Free Pct,dbSharedPoolFreeRatio,double,0,0,0,1,0,,0,0,1,1,0,,,,1,,,,,
3247,DB Net Traffic (KBps),dbNetworkKBytesPerSec,double,0,0,0,1,0,KBytesPerSec,0,0,1,1,0,,,,1,,,,,
3248,DB Read Rate (/sec),dbPhysicalReadsPerSec,double,0,0,0,1,0,PerSec,0,0,1,1,0,,,,1,,,,,
3249,DB Write Rate (/sec),dbPhysicalWritesPerSec,double,0,0,0,1,0,PerSec,0,0,1,1,0,,,,1,,,,,
3250,DB I/O Rate (KBps),dbIOKBytesPerSec,double,0,0,0,1,0,KBytesPerSec,0,0,1,1,0,,,,1,,,,,
3251,DB I/O Req Rate (/sec),dbRequestsPerSec,double,0,0,0,1,0,PerSec,0,0,1,1,0,,,,1,,,,,
3252,DB Curr Logon Count,dbCurrentLogonsCount,uint32,0,0,0,1,0,,0,0,1,1,0,,,,1,,,,,
3253,DB Session Count,dbSessionCount,uint32,0,0,0,1,0,,0,0,1,1,0,,,,1,,,,,
3254,DB System Tablespace Usage,dbSystemTablespaceUsage,double,0,0,0,1,0,PerSec,0,0,1,1,0,,,,1,,,,,
3255,DB User Tablespace Usage,dbUsersTablespaceUsage,double,0,0,0,1,0,PerSec,0,0,1,1,0,,,,1,,,,,
3256,DB Temp Tablespace Usage,dbTempTablespaceUsage,double,0,0,0,1,0,PerSec,0,0,1,1,0,,,,1,,,,,
3257,DB Active User Count,dbUserCount,uint32,0,0,0,1,0,,0,0,1,1,0,,,,1,,,,,
3258,DB Invalid Object Count,dbInvalidObjectCount,uint32,0,0,0,1,0,,0,0,1,1,0,,,,1,,,,,
3259,Vulnerability Cvss Score,vulnCvssScore,double,0,0,0,1,0,,0,0,1,1,0,,,,,,1,,,
3260,DB Instance Name,instanceName,string,0,0,0,1,0,,0,0,1,1,0,,,,1,,,,,
3261,Proxy Cache Object Count,proxyCacheObjCount,uint32,0,0,0,1,0,,0,0,1,1,0,,,,1,,,,,
3262,Proxy-to-Server HTTP Error,proxy2ServerHttpErr,uint32,0,0,0,1,0,,0,0,1,1,0,,,,1,,,,,
3263,Proxy-to-Server HTTP Request,proxy2ServerHttpReq,uint32,0,0,0,1,0,,0,0,1,1,0,,,,1,,,,,
3264,Proxy-to-Server HTTP Traffic (KBps),proxy2ServerHttpKBps,double,0,0,0,1,0,KBytesPerSec,0,0,1,1,0,,,,1,,,,,
3265,Server-to-Proxy HTTP Traffic (KBps),server2ProxyHttpKBps,double,0,0,0,1,0,KBytesPerSec,0,0,1,1,0,,,,1,,,,,
3266,Client-to-Proxy HTTP Request,client2ProxyHttpReq,uint32,0,0,0,1,0,,0,0,1,1,0,,,,1,,,,,
3267,Client-to-Proxy HTTP Cache Hit,client2ProxyHttpCacheHit,uint32,0,0,0,1,0,,0,0,1,1,0,,,,1,,,,,
3268,Client-to-Proxy HTTP Error,client2ProxyHttpError,uint32,0,0,0,1,0,,0,0,1,1,0,,,,1,,,,,
3269,Client-to-Proxy HTTP Traffic (KBps),client2ProxyHttpKBps,double,0,0,0,1,0,KBytesPerSec,0,0,1,1,0,,,,1,,,,,
3270,Proxy-to-Client HTTP Traffic (KBps),proxy2ClientHttpKBps,double,0,0,0,1,0,KBytesPerSec,0,0,1,1,0,,,,1,,,,,
3271,Windows Logon Caller User,winLogonCallerUser,string,0,0,0,1,0,,1,1,0,0,0,,,,,,1,,,
3272,Exch Mailbox Name,exchMboxName,string,0,0,0,1,0,,0,0,1,1,0,,,,1,,,,,
3273,Exch Mailbox Send Queue,exchMboxSendQueue,uint32,0,0,0,1,0,,0,0,1,1,0,,,,1,,,,,
3274,Exch Mailbox Recv Queue,exchMboxRecvQueue,uint32,0,0,0,1,0,,0,0,1,1,0,,,,1,,,,,
3275,Exch Mailbox Sent Message,exchMboxSentMsg,uint32,0,0,0,1,0,,0,0,1,1,0,,,,1,,,,,
3276,Exch Mailbox Submitted Message,exchMboxSubmitMsg,uint32,0,0,0,1,0,,0,0,1,1,0,,,,1,,,,,
3277,Exch Mailbox Delivered Message,exchMboxDelivMsg,uint32,0,0,0,1,0,,0,0,1,1,0,,,,1,,,,,
3278,Exch Mailbox Active User Count,exchMboxActiveUserCount,uint32,0,0,0,1,0,,0,0,1,1,0,,,,1,,,,,
3279,Exch Mailbox Peak User Count,exchMboxPeakUserCount,uint32,0,0,0,1,0,,0,0,1,1,0,,,,1,,,,,
3280,Exch SMTP Local Queue,exchSMTPLocalQueue,uint32,0,0,0,1,0,,0,0,1,1,0,,,,1,,,,,
3281,Exch SMTP Remote Queue,exchSMTPRemoteQueue,uint32,0,0,0,1,0,,0,0,1,1,0,,,,1,,,,,
3282,Exch SMTP Inbound Conn,exchSMTPInConn,uint32,0,0,0,1,0,,0,0,1,1,0,,,,1,,,,,
3283,Exch SMTP Outbound Conn,exchSMTPOutConn,uint32,0,0,0,1,0,,0,0,1,1,0,,,,1,,,,,
3284,Exch SMTP Local Retry Queue,exchSMTPLocalRetryQueue,uint32,0,0,0,1,0,,0,0,1,1,0,,,,1,,,,,
3285,Exch SMTP Remote Retry Queue,exchSMTPRemoteRetryQueue,uint32,0,0,0,1,0,,0,0,1,1,0,,,,1,,,,,
3286,Exch SMTP Retries,exchSMTPRetries,uint32,0,0,0,1,0,,0,0,1,1,0,,,,1,,,,,
3287,Exch Categorization Queue,exchCatQueue,uint32,0,0,0,1,0,,0,0,1,1,0,,,,1,,,,,
3288,Aventail Status Code,aventailStatusCode,string,0,0,0,1,0,Code,1,1,0,0,0,,,,,,1,,,
3289,ASP.NET Request Exec Time (ms),aspReqExecTimeMs,uint32,0,0,0,1,0,,0,0,1,1,0,,,,1,,,,,
3290,ASP.NET Curent Requests,aspReqCurrent,uint32,0,0,0,1,0,,0,0,1,1,0,,,,1,,,,,
3291,ASP.NET Disconn Requests,aspReqDisconnected,uint32,0,0,0,1,0,,0,0,1,1,0,,,,1,,,,,
3292,ASP.NET Queued Requests,aspReqQueued,uint32,0,0,0,1,0,,0,0,1,1,0,,,,1,,,,,
3293,ASPNET Rejected Requests,aspReqRejected,uint32,0,0,0,1,0,,0,0,1,1,0,,,,1,,,,,
3294,ASP.NET Request Wait Time (ms),aspReqWaitTimeMs,uint32,0,0,0,1,0,,0,0,1,1,0,,,,1,,,,,
3295,Threat Level,threatLevel,string,0,0,0,1,0,,1,1,0,0,0,,,,,,1,,,
3296,Threat Category,threatCategory,string,0,0,0,1,0,,1,1,0,0,0,,,,,,1,,,
3297,Client Application Version,appClientVersion,string,0,0,0,1,0,,1,1,0,0,0,,,,,,1,,,
3298,Server Application Version,appServerVersion,string,0,0,0,1,0,,1,1,0,0,0,,,,,,1,,,
3299,Exch Mailbox Whitespace (MB),exchMboxWs,uint32,0,0,0,1,0,DiskMB,0,0,1,1,0,,,,1,,,,,
3300,HTTP Response Time (ms),httpResponseTimeMs,uint32,0,0,0,1,0,DurationMSec,0,0,1,1,0,,,,1,,,,,
3301,DNS Response Time (ms),dnsResponseTimeMs,uint32,0,0,0,1,0,DurationMSec,0,0,1,1,0,,,,1,,,,,
3302,TCP Connect Response Time (ms),tcpConnectResponseTimeMs,uint32,0,0,0,1,0,DurationMSec,0,0,1,1,0,,,,1,,,,,
3303,HTTP Transaction Response Time (ms),httpTransactResponseTimeMs,uint32,0,0,0,1,0,DurationMSec,0,0,1,1,0,,,,1,,,,,
3304,IPSLA HTTP Status,ipslaHttpStatus,uint32,0,0,0,1,0,,0,0,1,1,0,,,,1,,,,,
3305,IPSLA HTTP Status Description,ipslaHttpStatusDesc,string,0,0,0,1,0,,1,1,0,0,0,,,,,,1,,,
3306,Modified Item,modifiedItem,string,0,0,0,1,0,,1,1,0,0,0,,,,,1,1,,,
3307,Extensible Command Error Status,extCmdErrStatus,string,0,0,0,1,0,,1,1,0,0,0,,,,,,1,,,
3308,Error Fix Command,errFixCmd,string,0,0,0,1,0,,1,1,0,0,0,,,,,,1,,,
3309,Vulnerability Secunia Id,vulnSecuniaId,string,0,0,0,1,0,,1,,,,0,,,,,,1,,,
3310,Vulnerability OSV DB Id,vulnOSVDBId,string,0,0,0,1,0,,1,,,,0,,,,,,1,,,
3311,Barracuda Reason,barracudaReason,uint16,0,0,1,0,0,Code,1,1,0,0,0,,,,,,,,,
3312,Direction,direction,string,0,0,0,0,1,,1,1,0,0,0,,,,,,,,,
3313,ICA Input Audio Bandwidth,icaInAudioBw,uint32,0,0,0,1,0,,0,0,1,1,0,,,,1,,,,,
3314,ICA Input Clipboard Bandwidth,icaInClipboardBw,uint32,0,0,0,1,0,,0,0,1,1,0,,,,1,,,,,
3315,ICA Input COM Bandwidth,icaInComBw,uint32,0,0,0,1,0,,0,0,1,1,0,,,,1,,,,,
3316,ICA Input Control Channel Bandwidth,icaInCntrlChBw,uint32,0,0,0,1,0,,0,0,1,1,0,,,,1,,,,,
3317,ICA Input Drive Bandwidth,icaInDriveBw,uint32,0,0,0,1,0,,0,0,1,1,0,,,,1,,,,,
3318,ICA Input Font Data Bandwidth,icaInFontBw,uint32,0,0,0,1,0,,0,0,1,1,0,,,,1,,,,,
3319,ICA Input Printer Bandwidth,icaInPrinterBw,uint32,0,0,0,1,0,,0,0,1,1,0,,,,1,,,,,
3320,ICA Input Management Bandwidth,icaInMgmtBw,uint32,0,0,0,1,0,,0,0,1,1,0,,,,1,,,,,
3321,ICA Input Seamless Bandwidth,icaInSeamlessBw,uint32,0,0,0,1,0,,0,0,1,1,0,,,,1,,,,,
3322,ICA Input Session Bandwidth,icaInSessBw,uint32,0,0,0,1,0,,0,0,1,1,0,,,,1,,,,,
3323,ICA Input Session Compression,icaInSessComp,uint32,0,0,0,1,0,,0,0,1,1,0,,,,1,,,,,
3324,ICA Input Session Line Speed,icaInSessLineSpeed,uint32,0,0,0,1,0,,0,0,1,1,0,,,,1,,,,,
3325,ICA Input SpeedScreen Data  Bandwidth,icaInSSDCBw,uint32,0,0,0,1,0,,0,0,1,1,0,,,,1,,,,,
3326,ICA Input Text Echo Bandwidth,icaInEchoBw,uint32,0,0,0,1,0,,0,0,1,1,0,,,,1,,,,,
3327,ICA Input ThinWire Bandwidth,icaInThinWireBw,uint32,0,0,0,1,0,,0,0,1,1,0,,,,1,,,,,
3328,ICA Input VideoFrame Bandwidth,icaInVFBw,uint32,0,0,0,1,0,,0,0,1,1,0,,,,1,,,,,
3329,ICA Latency Last Recorded,icaLatencyLast,uint32,0,0,0,1,0,,0,0,1,1,0,,,,1,,,,,
3330,ICA Latency Session Average,icaLatencySessAvg,uint32,0,0,0,1,0,,0,0,1,1,0,,,,1,,,,,
3331,ICA Latency Session Deviation,icaLatencySessDev,uint32,0,0,0,1,0,,0,0,1,1,0,,,,1,,,,,
3332,ICA Output Audio Bandwidth,icaOutAudioBw,uint32,0,0,0,1,0,,0,0,1,1,0,,,,1,,,,,
3333,ICA Output Clipboard Bandwidth,icaOutClipboardBw,uint32,0,0,0,1,0,,0,0,1,1,0,,,,1,,,,,
3334,ICA Output COM Bandwidth,icaOutComBw,uint32,0,0,0,1,0,,0,0,1,1,0,,,,1,,,,,
3335,ICA Output Control Channel Bandwidth,icaOutCntrlChBw,uint32,0,0,0,1,0,,0,0,1,1,0,,,,1,,,,,
3336,ICA Output Drive Bandwidth,icaOutDriveBw,uint32,0,0,0,1,0,,0,0,1,1,0,,,,1,,,,,
3337,ICA Output Font Data Bandwidth,icaOutFontBw,uint32,0,0,0,1,0,,0,0,1,1,0,,,,1,,,,,
3338,ICA Output Management Bandwidth,icaOutMgmtBw,uint32,0,0,0,1,0,,0,0,1,1,0,,,,1,,,,,
3339,ICA Output Printer Bandwidth,icaOutPrtBw,uint32,0,0,0,1,0,,0,0,1,1,0,,,,1,,,,,
3340,ICA Output Seamless Bandwidth,icaOutSeamlessBw,uint32,0,0,0,1,0,,0,0,1,1,0,,,,1,,,,,
3341,ICA Output Session Bandwidth,icaOutSessBw,uint32,0,0,0,1,0,,0,0,1,1,0,,,,1,,,,,
3342,ICA Output Session Compression,icaOutSessComp,uint32,0,0,0,1,0,,0,0,1,1,0,,,,1,,,,,
3343,ICA Output Session Line Speed,icaOutSessLineSpeed,uint32,0,0,0,1,0,,0,0,1,1,0,,,,1,,,,,
3344,ICA Output SpeedScreen Data  Bandwidth,icaOutSSDCBw,uint32,0,0,0,1,0,,0,0,1,1,0,,,,1,,,,,
3345,ICA Output Text Echo Bandwidth,icaOutEchoBw,uint32,0,0,0,1,0,,0,0,1,1,0,,,,1,,,,,
3347,ICA Output ThinWire Bandwidth,icaOutThinWireBw,uint32,0,0,0,1,0,,0,0,1,1,0,,,,1,,,,,
3348,ICA Output VideoFrame Bandwidth,icaOutVFBw,uint32,0,0,0,1,0,,0,0,1,1,0,,,,1,,,,,
3349,Vuln Report Status,vulnReportStatus,string,0,0,0,1,0,,1,1,0,0,0,,,,,,1,,,
3350,DNS Domain Requests Recvd,dnsDomainReqRecv,uint32,0,0,0,1,0,,0,0,1,1,0,,,,1,,,,,
3351,RADIUS Service Class,radiusServiceClass,string,0,1,0,0,0,,1,1,0,0,0,,,,,,1,,,
## Job Status Report attributes (4500-4600)
4500,Job Id,jobId,string,0,0,0,0,1,,1,1,0,0,0,,,,,,,,,
4501,Job Type,jobType,uint16,0,0,0,0,1,Code,0,0,1,1,0,,,,,,,,,
4502,Job Status Type,jobStatusType,string,0,0,0,0,1,,1,1,0,0,0,,,,,,,,,
4503,Job Detail,jobDetail,string,0,0,0,0,1,,1,1,0,0,0,,,,,,,,,
4504,Job Description,jobDesc,string,0,0,0,0,1,,1,1,0,0,0,,,,,,,,,
#4505,Job Interval,jobInterval,uint32,0,0,0,0,1,,0,0,1,1,0,,,,,,,,,
4506,Job Name,jobName,string,0,0,0,0,1,,1,1,0,0,0,,,,,,,,,
4507,Job Status,jobStatus,uint16,0,0,0,0,1,Code,0,0,1,1,0,,,,,,,,,
## ProspectHills Internal attributes (9000-9999),,,,,,,,,,,,,,,,,,,,,,,
9000,Thread Name,threadName,string,0,0,0,0,1,,1,1,0,0,0,,,,,,,,,
9001,Param Name,paraName,string,0,0,0,0,1,,1,1,0,0,0,,,,,,,,,
9002,Config Name,configName,string,0,0,0,0,1,,1,1,0,0,0,,,,,,,,,
9003,Item,item,string,0,0,0,0,1,,1,1,0,0,0,,,,,,,,,
9004,Notification Event Value,notifValue,string,0,0,0,0,1,,1,1,0,0,0,,,,,,,,,
9005,DOM Elem Name,elemName,string,0,0,0,0,1,,1,1,0,0,0,,,,,,,,,
9006,Config Value,configValue,string,0,0,0,0,1,,1,1,0,0,0,,,,,,,,,
9007,Directory Name,dirName,string,0,0,0,0,1,,1,1,0,0,0,,,,,,,,,
9008,Err No,errorNo,uint32,0,0,0,0,1,,1,1,0,0,0,,,,,,,,,
9009,Err String,errorString,string,0,0,0,0,1,,1,1,0,0,0,,,,,,,,,
9010,Query Id,queryId,string,0,0,0,0,1,,1,1,0,0,0,,,,,,,,,
9011,Operation Name,opName,string,0,0,0,0,1,,1,1,0,0,0,,,,,,,,,
9012,User defined msg,usrMsg,string,0,0,0,0,1,,1,1,0,0,0,,,,,,,,,
9013,Notification ID,notifId,uint32,0,0,0,0,1,,0,1,0,0,0,,,,,,,,,
9014,Notification Handler Name,handlerName,string,0,0,0,0,1,,1,1,0,0,0,,,,,,,,,
9015,Notification Event Id,notifEvtId,uint32,0,0,0,0,1,,1,1,0,0,0,,,,,,,,,
9016,OS Service Name,serviceName,string,0,0,0,0,1,,1,1,0,0,0,,,,,,,,,
9017,Old Log Level,oldLogLevel,uint32,0,0,0,0,1,,1,1,0,0,0,,,,,,,,,
9018,New Log Level,newLogLevel,uint32,0,0,0,0,1,,1,1,0,0,0,,,,,,,,,
9019,Command exit value,exitValue,int32,0,0,0,0,1,,1,1,0,0,0,,,,,,,,,
9020,Phoenix Log Detail,phLogDetail,string,0,0,0,0,1,,1,1,0,0,0,,,,,,,,,
9021,Coredump File Name,coreDumpFile,string,0,0,0,0,1,,0,0,0,0,0,,,,,,,,,
9022,Reason for Error,errReason,string,0,0,0,0,1,,1,1,0,0,0,,,,,,,,,
9023,Object Identifier,oid,string,0,0,0,0,1,,1,1,0,0,0,,,,,,,,,
9024,Community String,comm,string,0,0,0,0,1,,1,1,0,0,0,,,,,,,,,
9025,Function Name,funName,string,0,0,0,0,1,,1,1,0,0,0,,,,,,,,,
9026,PH Discovery Failure Code,phDiscovFailCode,string,0,0,0,0,1,,1,1,0,0,0,,,,,,,,,
9027,PH Discovery Success Code,phDiscovSuccessCode,string,0,0,0,0,1,,1,1,0,0,0,,,,,,,,,
9028,Reported Process Name,reptProcName,string,0,0,0,0,1,,1,1,0,0,0,,,,,,,,,
9029,Data Request Definition,dataReqDef,string,0,0,0,0,1,,0,0,0,0,0,,,,,,,,,
9030,Config Section Name,configSectName,string,0,0,0,0,1,,1,1,0,0,0,,,,,,,,,
9031,Message,msg,string,0,0,0,0,1,,1,1,0,0,0,,,,,,,,,
## 9900 - 9920 reserved for functions' faked id
## 9920 - 9940 reseveed for expressions' faked id
## User defined (10000-59999),,,,,,,,,,,,,,,,,,,,,,,
## System reserved dynamic generated range (60000 - 65536),,,,,,,,,,,,,,,,,,,,,,,
